symbol	coef	SE	HR	HR_lo95	HR_hi95	p
FBP1	-0.35971662232914275	0.20153916355670407	0.6978740599786892	0.47013594430423505	1.0359305845289137	0.07428609644406174
GRK6	0.15927842017141208	0.3077566414973948	1.172664394655527	0.6415137909631784	2.1435888080101213	0.6047746097202301
IKBKB	-0.09047055528507283	0.2962439652896932	0.9135012312882989	0.5111415469401852	1.6325898463168582	0.7600675671535094
RAP1B	-0.42630761245035115	0.2263631015902848	0.6529154662998472	0.41896022516742926	1.017515698448904	0.05966093017428801
TNFRSF19	-0.19951373950008247	0.3199144025778807	0.8191289663131084	0.43755801837305347	1.533447532165034	0.5328592684472002
ALDH2	-0.4435248772043813	0.18621571351150984	0.6417702680855621	0.4455224343340714	0.9244631588850083	0.017229183290128205
CXCL14	-0.13224840870206375	0.21230744972455168	0.8761233313861174	0.5778904216736436	1.3282658147820912	0.533343743020779
DLG1	-0.04899088758068194	0.24354233231709843	0.9521898064117583	0.5907668389738083	1.5347263380750775	0.84057374999457
IDNK	-0.21195787820553647	0.21750954775693382	0.80899877332888	0.5282019476407214	1.2390696743375205	0.3298201492541538
TNFRSF12A	0.14443631662641723	0.25944570492959235	1.1553881136079511	0.694837506024179	1.921199822250365	0.5777247979396043
PRPS2	-0.4615337893988518	0.24617012466572816	0.6303161315148049	0.38905784923121517	1.0211808512098064	0.06081239458301442
TKT	0.4175592045642791	0.2613085207230287	1.5182512886436734	0.9097317564539952	2.533809509358094	0.11005303716350376
UQCRHL	0.5294171770969064	0.2550344319941374	1.6979424204510505	1.0299906148340165	2.799062847414168	0.03790639290699674
PLCG1	0.5780415795587034	0.18083704408093826	1.7825440394389067	1.2505719080989754	2.540808115040192	0.0013911657742554013
