GSM	diagnosis	tumor_subtype	batch	risk_14g
GSM1116084	Breast cancer	Basal	8	2.3386577196671663
GSM1116085	Breast cancer	Basal	8	1.7474256198445086
GSM1116086	Breast cancer	Her2	8	-1.2892176922579448
GSM1116087	Breast cancer	Basal	8	1.0846340721568435
GSM1116088	Breast cancer	Her2	8	-1.4487861611504553
GSM1116089	Breast cancer	Her2	8	-0.08578462626214134
GSM1116090	Breast cancer	Basal	8	-0.7963627011559544
GSM1116091	Breast cancer	Basal	8	0.5202750308176088
GSM1116092	Breast cancer	Basal	8	1.4400218453838742
GSM1116093	Breast cancer	Basal	8	3.213086626722355
GSM1116094	Breast cancer	Basal	8	0.03484616011234071
GSM1116095	Breast cancer	Her2	8	-0.3859662738334093
GSM1116096	Breast cancer	Her2	8	0.3754339367279117
GSM1116097	Breast cancer	Her2	8	-0.6347795703203007
GSM1116098	Breast cancer	Her2	8	-0.5219101017820345
GSM1116099	Breast cancer	Basal	8	-0.36285868717755376
GSM1116100	Breast cancer	Her2	8	3.2788335926752445
GSM1116101	Breast cancer	Basal	8	1.2186586580614045
GSM1116102	Breast cancer	Basal	8	1.6792431928062355
GSM1116103	Breast cancer	Her2	8	0.2456324679123747
GSM1116104	Breast cancer	Her2	8	-2.072020225462838
GSM1116105	Breast cancer	Her2	8	-1.3389538237596095
GSM1116106	Breast cancer	Basal	9	1.4806985318139159
GSM1116107	Breast cancer	Her2	9	0.07200162498966045
GSM1116108	Breast cancer	Basal	9	0.7725685086116912
GSM1116109	Breast cancer	Basal	9	-1.5709514566109255
GSM1116110	Breast cancer	Basal	9	0.2252854137086272
GSM1116111	Breast cancer	Basal	9	3.8314018065462987
GSM1116112	Breast cancer	Basal	9	2.6016042210810255
GSM1116113	Breast cancer	Basal	10	2.072334364379806
GSM1116114	Breast cancer	Basal	10	1.0266494216004989
GSM1116115	Breast cancer	Basal	10	0.10376992667992857
GSM1116116	Breast cancer	Her2	9	3.037487158627867
GSM1116117	Breast cancer	Her2	9	0.27307260523604426
GSM1116118	Breast cancer	Basal	9	1.5857515954207497
GSM1116119	Breast cancer	Basal	9	-1.2882298544248951
GSM1116120	Breast cancer	Basal	9	2.5625485239858508
GSM1116121	Breast cancer	Her2	9	0.35756170151435795
GSM1116122	Breast cancer	Her2	9	0.602787503762134
GSM1116123	Breast cancer	Her2	9	0.6871628140864958
GSM1116124	Breast cancer	Basal	9	-0.7347407751090449
GSM1116125	Breast cancer	Basal	10	-0.6688761608684162
GSM1116126	Breast cancer	Her2	9	-0.344837527000546
GSM1116127	Breast cancer	Her2	9	0.5118952553916762
GSM1116128	Breast cancer	Basal	10	1.6098780571439
GSM1116129	Breast cancer	Her2	10	-1.3929205061002976
GSM1116130	Breast cancer	Basal	9	-0.022838886252569246
GSM1116131	Breast cancer	Basal	9	-0.21215934510031786
GSM1116132	Breast cancer	Her2	10	-0.8361043904669305
GSM1116133	Breast cancer	Her2	9	1.4496160210685498
GSM1116134	Breast cancer	Her2	9	-0.19801029492308642
GSM1116135	Breast cancer	Basal	9	0.7125693343049171
GSM1116136	Breast cancer	Basal	9	-1.0440520259570345
GSM1116137	Breast cancer	Her2	9	-0.02161122855926656
GSM1116138	Breast cancer	Basal	9	3.5360724119475946
GSM1116139	Breast cancer	Basal	9	2.3805574041846134
GSM1116140	Breast cancer	Her2	9	0.047364564044626634
GSM1116141	Breast cancer	Her2	10	2.9378501186060926
GSM1116142	Breast cancer	Basal	9	1.6992011201327353
GSM1116143	Breast cancer	Basal	9	-0.5906190836285684
GSM1116144	Breast cancer	Basal	9	0.9445327261158827
GSM1116145	Breast cancer	Basal	9	2.45648907668536
GSM1116146	Breast cancer	Basal	9	-1.3767667250699636
GSM1116147	Breast cancer	Basal	9	-1.4272280760552576
GSM1116148	Breast cancer	Basal	9	0.5601033883080574
GSM1116149	Breast cancer	Basal	9	2.4871956871590486
GSM1116150	Breast cancer	Basal	9	0.3531383642319867
GSM1116151	Breast cancer	Her2	10	0.5595482595911607
GSM1116152	Breast cancer	Her2	9	2.398667418737218
GSM1116153	Breast cancer	Her2	9	0.6095485045656412
GSM1116154	Breast cancer	Her2	9	0.8539488878368341
GSM1116169	None (normal)		1	2.172566602372514
GSM1116170	None (normal)		5	1.3018409855728357
GSM1116171	None (normal)		5	0.5648478222870443
GSM1116172	None (normal)		2	-0.14177449521558716
GSM1116173	None (normal)		2	0.12794241502351178
GSM1116174	None (normal)		4	0.8844744233189797
GSM1116175	None (normal)		3	-0.35531628736511844
GSM1116176	None (normal)		1	1.043585393957442
GSM1116177	None (normal)		5	-0.8063326674277131
GSM1116178	None (normal)		4	0.7423954374331814
GSM1116179	None (normal)		2	1.313958622646191
GSM1116180	Breast cancer	Luminal A	1	-2.0115025533712454
GSM1116181	Breast cancer	Luminal A	1	-2.444310586291094
GSM1116182	Breast cancer	Luminal B	1	0.8229684081274083
GSM1116183	Breast cancer	Luminal B	1	-2.0720737290895244
GSM1116184	Breast cancer	Luminal A	1	-2.7462745930808534
GSM1116185	Breast cancer	Luminal B	1	0.5584185410846723
GSM1116186	Breast cancer	Luminal B	1	-1.1270379067606808
GSM1116187	Breast cancer	Luminal A	1	-3.4946167966339625
GSM1116188	Breast cancer	Luminal B	1	-1.2756283975575236
GSM1116189	Breast cancer	Luminal B	1	-1.49755122017904
GSM1116190	Breast cancer	Luminal A	2	-2.2323464436045457
GSM1116191	Breast cancer	Luminal A	2	-0.10536126130154111
GSM1116192	Breast cancer	Luminal B	2	0.12717544973896666
GSM1116193	Breast cancer	Luminal B	2	0.2162586115223769
GSM1116194	Breast cancer	Luminal A	2	-2.6252972400114176
GSM1116195	Breast cancer	Luminal A	2	-2.2510529902879224
GSM1116196	Breast cancer	Luminal B	2	-1.0570185901185285
GSM1116197	Breast cancer	Luminal B	2	-1.3414282329749423
GSM1116198	Breast cancer	Luminal B	2	0.7702204577611227
GSM1116199	Breast cancer	Luminal A	2	-1.0963517537791487
GSM1116200	Breast cancer	Luminal A	2	-3.544494193775323
GSM1116201	Breast cancer	Luminal B	2	-0.6445075771635481
GSM1116202	Breast cancer	Luminal B	2	-1.1944361181851777
GSM1116203	Breast cancer	Luminal A	3	-2.1405465194346656
GSM1116204	Breast cancer	Luminal A	3	-2.116101549529289
GSM1116205	Breast cancer	Luminal A	3	-3.557297933935949
GSM1116206	Breast cancer	Luminal B	3	-1.0968599924748048
GSM1116207	Breast cancer	Luminal B	3	0.5330166044654999
GSM1116208	Breast cancer	Luminal A	3	-2.9397127273395043
GSM1116209	Breast cancer	Luminal A	3	-2.2528678055419733
GSM1116210	Breast cancer	Luminal B	3	-2.33587695624128
GSM1116211	Breast cancer	Luminal B	3	-1.140061351157987
GSM1116212	Breast cancer	Luminal B	3	-1.059284090651765
GSM1116213	Breast cancer	Luminal A	3	-1.3072517093026148
GSM1116214	Breast cancer	Luminal B	3	-3.0576429614911707
GSM1116215	Breast cancer	Luminal B	3	-0.8750474667295634
GSM1116216	Breast cancer	Luminal A	4	-4.0705674410129316
GSM1116217	Breast cancer	Luminal A	4	-2.8466653232808232
GSM1116218	Breast cancer	Luminal B	4	-0.8546951261436161
GSM1116219	Breast cancer	Luminal B	4	-0.599980582271112
GSM1116220	Breast cancer	Luminal A	4	-1.0344433045287427
GSM1116221	Breast cancer	Luminal A	4	-2.6742834712784034
GSM1116222	Breast cancer	Luminal A	4	-1.8474817032913862
GSM1116223	Breast cancer	Luminal A	4	-1.6738087562318995
GSM1116224	Breast cancer	Luminal A	4	-2.2362291704980217
GSM1116225	Breast cancer	Luminal A	4	-1.351221551492426
GSM1116226	Breast cancer	Luminal B	4	-1.3715772289172365
GSM1116227	Breast cancer	Luminal B	4	-0.8385569397620409
GSM1116228	Breast cancer	Luminal A	5	-2.639726752141203
GSM1116229	Breast cancer	Luminal B	5	-0.11448846129208745
GSM1116230	Breast cancer	Luminal B	5	2.041618769653134
GSM1116231	Breast cancer	Luminal A	5	-2.0609832432142214
GSM1116232	Breast cancer	Luminal A	5	-3.446584255749758
GSM1116233	Breast cancer	Luminal B	5	-0.11887312476585521
GSM1116234	Breast cancer	Luminal A	5	-4.733527870012814
GSM1116235	Breast cancer	Luminal A	5	-1.8636214673535147
GSM1116236	Breast cancer	Luminal B	5	-2.088049560688628
GSM1116237	Breast cancer	Luminal B	5	-1.2759471733550485
GSM1116238	Breast cancer	Luminal B	5	-2.104078407354037
