decile	n	deaths	mean_pred_5y	KM_obs_5y
0	328	27	0.8835683061698725	0.8987454904149624
1	327	22	0.8776496902209896	0.9270878269288025
2	327	33	0.8635375894243972	0.887195410217359
3	327	23	0.8615677046688861	0.9075598101880146
4	328	26	0.8482798771363522	0.9128896423795816
5	327	27	0.8439570487677476	0.9086369732137125
6	327	30	0.8275601037164733	0.881905597979315
7	327	40	0.819933496958913	0.8616801535795582
8	327	39	0.7914485904439525	0.8553444602250988
9	328	69	0.7088461679910725	0.7666211266857442
