symbol	in_metabolic	in_immune	log2FC_42568	FDR_42568
ACAA1	1	0	-0.5426175450000006	0.013258710678131405
ACACB	1	0	-4.3155702735000006	1.2767643852829123e-07
ACADL	1	0	-4.5290524990000005	6.07350054885624e-07
ACADM	1	0	-2.456216060000001	1.2162774621357644e-06
ACADS	1	0	-1.9402432654999995	2.27324735542512e-07
ACADVL	1	0	-1.0535767339999982	0.00047609237691055643
ACAT1	1	0	-2.611962879	6.989722507437156e-07
ACKR3	0	1	-3.269082205	3.2234377746905394e-05
ACKR4	0	1	-3.371805694	7.626625188376938e-07
ACOX1	1	0	-1.428322842	0.0018517075090290576
ACSL1	1	0	-4.629435111499999	1.139922617647164e-06
ACSL4	1	0	-2.742743709	2.5988509853077912e-06
ACSL5	1	0	-1.5640461695	0.00025330195578394
ACSS1	1	0	0.7301599840000002	7.535401889488926e-05
ACSS2	1	0	-2.775526685000001	2.663990210289997e-06
ACVR1	0	1	-0.8578998460000005	0.010677638860224693
ACVR1C	0	1	-5.9733108989999995	8.49833035346348e-08
ACVR2A	0	1	-0.7866493410000004	4.305480320335116e-05
ACVRL1	0	1	-1.0794062800000006	0.011466577054932887
ADCY4	0	1	-0.6460069980000007	9.54939794782975e-05
ADCY5	0	1	-0.6074107570000002	4.748399799867678e-06
ADCY6	0	1	-0.8545596299999998	0.004613258610176694
ADH1A	1	0	-1.0742194879999998	1.5686953420289468e-07
ADH1B	1	0	-8.3734581945	4.7339756575086485e-07
ADH1C	1	0	-5.592064539999999	2.046288827442065e-07
ADH5	1	0	-1.6440451300000003	6.782878095924549e-08
AKT1	0	1	0.6279772264999997	0.0029404726255426103
ALDH2	1	0	-3.7071369695000005	5.057250441285749e-06
ALDH3A2	1	0	-2.269717078000001	1.582923114450127e-05
ALDH3B2	1	0	4.2121259215	7.40331848228388e-05
ALDH9A1	1	0	-1.2475002500000016	9.638297601320751e-05
ALDOA	1	0	0.544345625	0.007202400184307972
ALDOC	1	0	-4.961639097000001	1.3399167496136872e-06
ARRB1	0	1	-0.5354872100000003	0.0071509027280519345
ATP6AP1	1	0	1.6541770370000002	9.551696758293594e-07
ATP6V0B	1	0	1.1794574989999997	0.0003549200721044315
ATP6V0C	1	0	0.5878522065	0.0008248032363056148
ATP6V0E2	1	0	0.622072341	0.012470364446390922
ATP6V1E1	1	0	-0.8730676930000012	0.00011119030543247509
ATP6V1G1	1	0	0.8930478780000008	0.0005286900236501356
BCAR1	0	1	0.5739863569999999	0.003592760408085973
BMP2	0	1	-3.7521434719999998	5.163797138902699e-07
BMP4	0	1	-0.8533179630000003	0.008458486069097895
BMPR1A	0	1	-1.0317956185000003	0.0006030480932813625
BMPR1B	0	1	1.4203177635	0.0008058277410501409
BMPR2	0	1	-1.1816596865000006	0.004422146881700212
CARD11	0	1	0.7549962790000002	8.706637400627431e-05
CCL13	0	1	-1.1094874789999998	1.0801405118185386e-05
CCL2	0	1	-2.3718062255000003	0.00010920210841780829
CCL3L3	0	1	-1.1871685694999998	0.018142584492611736
CCL4	0	1	-1.0553513900000002	0.022549716750539933
CCL8	0	1	-2.4831563380000006	0.0008926607211590229
CCR5	0	1	1.2236603744999996	0.0007223545101806772
CD28	0	1	-0.740516365	0.0013885012942102773
CD40	0	1	-0.6403618309999999	0.00038910145776023406
CHAC2	1	0	-1.1842910315000008	0.010776762838149054
CHUK	0	1	-0.7771245909999998	0.019979477312290755
COX10	1	0	-0.7469512830000005	0.003012861268313645
COX11	1	0	-0.6370663020000009	0.007681672761901723
COX5A	1	0	-0.6326215700000013	0.0009634562192478004
COX5B	1	0	-0.6935508299999995	0.0013120962389131384
COX7A1	1	0	-4.8874958635	8.151714195541092e-07
COX7B	1	0	-0.8557828599999997	6.98954112252265e-05
COX7C	1	0	-0.5728866300000011	0.0008926607211590229
CRK	0	1	-1.4884706484999999	1.8885572781159853e-05
CSF1	0	1	-0.7660764579999997	8.463734185251258e-05
CSF1R	0	1	-1.647648951999999	0.000570325189079813
CTSL	0	1	-1.1114567634999997	0.0020401982912784584
CTSS	0	1	-1.3136109354999999	0.012341711348653858
CXCL10	0	1	2.8544681730000003	1.8600527054041105e-05
CXCL12	0	1	-4.066058250999999	2.3231808112274525e-06
CXCL13	0	1	2.319649885	0.008676492320605472
CXCL14	0	1	-2.257324035	0.0005577282279456956
CXCL2	0	1	-3.1276197920000004	3.7122442607306517e-06
CXCL8	0	1	-1.6481759440000001	0.027031727852572133
CXCL9	0	1	1.6561239050000003	0.017292662024409183
CXCR4	0	1	1.7494922769999999	0.00015544250665748823
CYP2U1	1	0	-2.4360853244999996	1.9639562248009777e-05
DLAT	1	0	-1.6098533860000002	5.681826682360262e-06
DLD	1	0	-2.2621210815	2.0041289256648453e-05
DLG1	0	1	-0.7756278519999995	0.0038526017928313602
DOCK2	0	1	-0.8587852845000006	0.04086523204613168
ECHS1	1	0	-2.0204730249999994	3.127721778076215e-05
ECI2	1	0	-1.4478390425	0.00028458146621773684
EHHADH	1	0	-2.96318588	6.0944476509672e-06
ENO2	1	0	1.9187187184999996	8.90580803042942e-06
FASN	1	0	-1.725437616999999	0.003085850157055814
FBP1	1	0	1.4257701060000008	0.029090843167097525
FCER1G	0	1	-0.8753535059999997	0.017452106706519487
FOS	0	1	-4.518872824000001	1.582923114450127e-05
FYN	0	1	-1.8123974765000002	2.4584563584758395e-06
GAPDH	1	0	0.9613749299999998	5.2729507562065236e-05
GCLC	1	0	-1.8711795895000005	6.850649709309074e-06
GCLM	1	0	-0.9462403794999998	0.0013748719504542686
GDF10	0	1	-1.5759976370000004	6.220952521946745e-08
GDF15	0	1	0.9124663595000007	0.0011653368358970385
GDF5	0	1	-0.8705126400000003	0.00024952822743653326
GGCT	1	0	1.2698807559999992	5.198965308299598e-06
GGT6	1	0	1.8364684144999996	0.0001240306728973527
GHR	0	1	-6.140734691	1.9435283956777433e-05
GNAI1	0	1	-4.9704699645	1.2138473858435597e-05
GNAQ	0	1	-0.6763793844999988	0.0012484886067800967
GNB2	0	1	0.5250410489999986	0.0006949474429912182
GNB5	0	1	0.5378388240000005	0.004120611621384487
GNG10	0	1	-0.7618983849999985	2.2224283913018748e-06
GNG11	0	1	-3.599752562000001	4.347610366157449e-07
GNG12	0	1	-1.5326423355000003	7.294177901586996e-05
GNG2	0	1	-4.457617111999999	3.080964975072675e-07
GPI	1	0	-1.7455140154999995	0.002524319311139596
GPX1	1	0	-1.6472459199999996	1.4470832469839526e-05
GPX3	1	0	-5.756739374	5.770712947113399e-07
GPX4	1	0	-2.0267504400000007	2.771495015443528e-05
GRB2	0	1	0.5506710535000003	0.010124684368476015
GRK3	0	1	-3.3421416399999995	2.663990210289997e-06
GRK5	0	1	-1.6935754779999996	9.339312937883702e-06
GRK6	0	1	0.6691583014999996	0.0008248032363056148
GSR	1	0	1.013214080000001	0.00016454091458853326
GSS	1	0	1.1175625324999992	4.340781663597582e-06
GSTA4	1	0	-0.9839529175000008	0.01124404919912129
GSTK1	1	0	-0.7678984955000008	0.003940044933898284
GSTM1	1	0	-0.7397721629999996	0.03304080879044562
GSTM2	1	0	-1.3635609349999998	0.014758268866137948
GSTM4	1	0	-0.8814091469999994	1.4822851607057713e-05
GSTM5	1	0	-2.34057288	1.3611667628941067e-06
GSTO2	1	0	3.0745500335	8.220206546479694e-06
GSTT1	1	0	-1.7926984650000009	0.0220224766533032
HADH	1	0	-2.668950259999999	1.679593241063434e-05
HADHA	1	0	-0.9746100750000011	0.0002769246511571766
HADHB	1	0	-0.9523342289999999	9.618187503396456e-06
HCST	0	1	-1.0312114799999996	0.01231973744093015
HK1	1	0	1.0911333799999996	4.395132481917616e-07
HK2	1	0	-1.5583074970000013	0.00016918715598754643
HLA-A	0	1	0.9512586850000009	0.001991731745005082
HLA-B	0	1	0.9221448300000006	0.003592760408085973
HLA-C	0	1	1.0038040300000013	0.000221562597950015
HLA-DOA	0	1	0.5123390819999996	0.007106293039325937
HLA-DQB2	0	1	0.8213396089999998	7.628512254134433e-05
HLA-DRB4	0	1	4.1650434364999995	0.038928030702924506
HLA-F	0	1	0.8449193649999991	0.006039690753194546
HPGDS	1	0	-2.6570469585	9.125558678994491e-07
HSP90AB1	0	1	0.5805082099999996	0.005774328067522606
HSPA1B	0	1	1.086679405	1.3591386791138792e-06
HSPA1L	0	1	1.3359327150000002	7.273744550500423e-06
HSPA2	0	1	1.2608515125000004	0.0036753419235902017
HSPA5	0	1	0.7223917759999985	0.0003549200721044315
ICAM2	0	1	-2.0638954950000006	8.143585355554784e-05
IDH1	1	0	-1.7372520649999998	2.4606898808615203e-05
IDH2	1	0	1.4741120129999992	0.0001516081802264432
IDNK	1	0	-1.5927321399999999	2.065760126230768e-05
IFI30	0	1	1.2968117110000001	0.001280042602317133
IFNAR1	0	1	-0.9986456509999995	0.0008248032363056148
IFNAR2	0	1	0.6879921364999992	0.001486155195072989
IFNGR1	0	1	-1.2175271025	0.00021527045131693984
IKBKB	0	1	1.5125436139999993	1.4064396445458726e-05
IL10RA	0	1	-1.599666159499999	0.011481911735605413
IL10RB	0	1	-1.3332922125	0.0015610670982753678
IL11RA	0	1	-1.8647301779999998	4.843400355429028e-06
IL15RA	0	1	-1.1884468970000004	0.004487361444278223
IL17D	0	1	-0.8551967530000004	1.2131698061519558e-06
IL17RB	0	1	1.4747511355	2.0207613753280893e-05
IL1R1	0	1	-1.3291224775000003	0.00017373572307390853
IL1R2	0	1	-1.127592162	0.0007331984544068819
IL2RB	0	1	0.6250393645000001	0.010656602431440046
IL33	0	1	-3.59577385	5.572457092755323e-06
IL4R	0	1	0.8799145434999991	0.0018936092652507828
IL6	0	1	-1.864273647	8.771432514407757e-06
IL6R	0	1	-1.2232222020000005	0.0028768622482532183
INHBA	0	1	4.023587665999999	4.2219647038136964e-08
INHBB	0	1	-1.1982824104999992	0.01152203288991856
ITGAL	0	1	0.7331423964999999	0.024005688163535217
JAK2	0	1	-1.1050439254999995	0.0009634229629744177
JAK3	0	1	0.7675541819999996	0.0007854305788906119
JUN	0	1	-1.200406428500001	7.86522204601347e-06
KRAS	0	1	1.3272559259999985	5.682383096794158e-06
LANCL1	1	0	-0.6227568884999997	0.025571778150352713
LDHB	1	0	-2.1572959449999995	5.770712947113399e-07
LEP	0	1	-9.816783466	7.211625439958266e-07
LGMN	0	1	-2.0584784385	7.491682444706659e-05
LIFR	0	1	-2.677587664	7.865962275499787e-06
LTB	0	1	0.9707564499999997	0.009598984311638371
MAP2K1	0	1	-1.7416861700000004	0.0003452313670364004
MAP2K2	0	1	0.5634433425000012	0.0011843814349134173
MAP3K8	0	1	-1.5749786939999995	0.0006861055947100253
MAPK10	0	1	-3.191110139	1.0887565314944915e-05
MAPK13	0	1	3.256529658	1.139922617647164e-06
MECR	1	0	-1.8576936159999997	0.0003477682100514517
MGST1	1	0	-3.26351906	1.4470832469839526e-05
MGST3	1	0	-2.1257891100000013	8.143585355554784e-05
MICB	0	1	1.2894570525000004	0.00019359378718480957
NCK1	0	1	-0.8272406639999996	0.0004637942834445303
ND2	1	0	-0.9816356250000009	0.004320773534389584
NDUFA10	1	0	-0.6667659024999999	0.02607054166937496
NDUFA12	1	0	-0.9056286449999984	3.8445457766996e-05
NDUFA2	1	0	-0.6632462999999991	0.005049440801328378
NDUFA3	1	0	-0.987727314999999	0.0029090470034670666
NDUFA6	1	0	-0.7534663950000002	0.000618959164241996
NDUFA8	1	0	-0.5273304294999992	0.02655904592912772
NDUFB5	1	0	-1.2091222550000005	1.8885572781159853e-05
NDUFB6	1	0	-0.5576432979999986	0.001764476433944841
NDUFB8	1	0	-0.7992610349999989	0.001679269528979628
NDUFS1	1	0	-1.4293888795000003	2.3910513127195427e-05
NDUFS4	1	0	-1.787268373999999	2.5988509853077912e-06
NDUFS7	1	0	-0.7571390570000007	0.02655904592912772
NDUFV2	1	0	-1.1337765925000003	0.00015544250665748823
NDUFV3	1	0	-1.3906089014999985	0.0005577282279456956
NFATC1	0	1	-0.7304105989999998	0.015826622513158927
NFKBIE	0	1	0.8894531359999993	4.062673787379896e-05
NFYA	0	1	0.8789626425000003	7.86038397971888e-06
NFYB	0	1	-0.7946626114999997	0.0009389198356539891
NRAS	0	1	0.6021171125000002	0.012723751030885544
ODC1	1	0	-0.745925508	0.04699103241765747
PAK1	0	1	0.5652195664999997	0.001524463792557796
PAK3	0	1	-0.7188639649999997	0.013653952869419145
PAK4	0	1	1.4069999385000003	6.557690302713925e-07
PAK6	0	1	0.7707046000000002	2.1945143979168425e-05
PCK1	1	0	-7.511204834999999	8.211487541744764e-08
PDHA1	1	0	-1.2073749930000002	6.304571695689418e-05
PDHB	1	0	-0.911136612	0.0014498904391226255
PDIA3	0	1	1.2267906680000014	2.663990210289997e-06
PFKP	1	0	1.0630429445000003	0.005402813895834517
PGD	1	0	-2.106953904	0.00019064349067162364
PGM1	1	0	-3.144244294	1.778895102770229e-05
PGM2	1	0	0.8723209935000007	0.0007621214414771917
PIK3CA	0	1	-1.9856393914999995	0.0003648662299020158
PIK3R2	0	1	1.7745982939999996	5.483417537531818e-07
PIK3R3	0	1	1.9962774454999987	1.3399167496136872e-06
PKM	1	0	1.9436802470000005	1.8180009784004745e-07
PLCB4	0	1	1.0604603645000008	0.012341496233480357
PLCG1	0	1	0.6736603990000001	3.185227983990932e-06
PPA1	1	0	-1.0926451450000005	0.0016401475215366858
PPP2CB	0	1	-1.0553469930000006	0.00021527045131693984
PPP2R1A	0	1	0.5395521089999997	0.0446518084973397
PPP2R1B	0	1	-4.8248629759999995	1.6383641929465938e-06
PPP2R2C	0	1	0.7363726449999999	0.0018641034475969918
PPP2R3A	0	1	-0.8692962514999998	0.008357335324701554
PPP2R3C	0	1	-2.0907233184999994	1.7176756685951757e-07
PPP2R5A	0	1	-2.1766614395	8.848587507149743e-05
PPP3CB	0	1	-1.858935314	4.347610366157449e-07
PPP3CC	0	1	-0.9840796825000009	0.0005428518008650556
PRDX6	1	0	-2.097298985	1.139922617647164e-06
PREX1	0	1	2.043470204	0.00018839664881700665
PRF1	0	1	-0.6511753369999997	0.025123690678393075
PRKACB	0	1	-1.3658907725000002	0.002296680404842751
PRKCA	0	1	-1.0858059110000005	0.00251900308178866
PRKCD	0	1	-0.971869656	0.024222413978792122
PRKCZ	0	1	3.0389074959999998	5.803456823337813e-08
PRLR	0	1	4.044233911500001	1.1990080712648245e-06
PRPS2	1	0	0.8017048099999995	0.01405783788652911
PSME1	0	1	0.5411250929999998	0.005049440801328378
PTK2	0	1	0.5283682499999998	0.0005872777020622275
PTPN11	0	1	-1.5302741960000006	5.444161060003344e-05
PTPN6	0	1	0.6850520759999998	0.0037645287103258425
RAC2	0	1	1.0170168105000013	0.022467395834605674
RAP1A	0	1	-1.237017035500001	1.2138473858435597e-05
RAP1B	0	1	-0.8971099684999988	0.00018370832446377782
RASGRP1	0	1	1.6234442889999992	0.00019615366989810987
RFX5	0	1	1.0941190790000004	3.624522102992706e-05
RFXAP	0	1	-0.746195728	0.0015985583036289886
RGN	1	0	-2.5407130159999998	3.6645679023079225e-07
RHOA	0	1	-0.8413114700000008	0.0013443975104662572
ROCK1	0	1	-0.7935404699999999	6.880613281284116e-05
ROCK2	0	1	-2.2229683180000004	0.00035037712708032063
RRM2	1	0	5.780577901	9.73033983705792e-07
SDHA	1	0	-0.7387302649999992	0.03132549461700817
SDHB	1	0	-1.703945503	5.530612649822562e-05
SDHD	1	0	-2.2469526989999995	4.861917046171618e-07
SMS	1	0	1.0653919495000004	0.00015997583134936096
SOS1	0	1	-0.9134748940000001	0.0009389198356539891
SOS2	0	1	-0.9137693364999997	9.92396776725909e-05
STAT5B	0	1	-2.040761337500001	1.8881414469687505e-05
TALDO1	1	0	-0.9091779849999995	0.002844464019140966
TAP1	0	1	1.5579603575000007	2.497121992001701e-05
TAP2	0	1	1.1964217164999997	0.02098545339671499
TAPBP	0	1	2.0018594535	1.7176756685951757e-07
TAPBPL	0	1	-1.162951251	0.013258710678131405
TCIRG1	1	0	1.6400125254999987	0.00024091983045211414
TGFBR2	0	1	-2.8401180250000007	3.5121628914286217e-06
TIAM1	0	1	2.5129006799999996	1.9747128133891368e-05
TKT	1	0	-1.6304554284999995	0.00013165528512822805
TNFRSF10A	0	1	1.8125629774999998	5.7626527206075955e-05
TNFRSF10D	0	1	-0.6273031304999996	0.0003737608930245155
TNFRSF12A	0	1	2.1818816834999994	0.00024091983045211414
TNFRSF19	0	1	0.7921688455	0.006505559355231087
TNFRSF1B	0	1	-0.9042569920000005	0.028551902771657617
TNFRSF21	0	1	-2.155071380500001	0.0005149897934049785
TNFSF10	0	1	1.3056677479999994	0.006601147301424567
TNFSF8	0	1	-0.7845257145	0.005501644394973722
TSLP	0	1	-3.1775788990000002	3.977153453371115e-09
TYROBP	0	1	-1.0125509349999993	0.03075414399913237
UQCR10	1	0	-0.7780965535000011	0.0023250627926952798
UQCR11	1	0	-0.6464466350000002	0.003592760408085973
UQCRB	1	0	-0.5743550200000005	4.6875493047954245e-05
UQCRC2	1	0	-1.0856806699999986	0.00010229411144878323
UQCRFS1	1	0	-1.3190362095000001	2.6032127671656976e-05
UQCRHL	1	0	-0.6056719049999995	0.008722328996536575
VAV2	0	1	1.4110583695	1.8890242432480487e-06
VAV3	0	1	4.551950228000001	3.623001466503006e-07
