PDCD1	CD274	CTLA4	LAG3	TIGIT	HAVCR2	IDO1	CD8A	CD8B	GZMA	GZMB	PRF1	group
6.04560162113022	8.72795705582537	9.35099609583548	7.87801980799728	9.59381373379474	8.77169786153472	9.50577967915902	10.0476331877522	1.61871852263222	10.3189069538141	9.63965767207505	9.44921151288828	Low
4.93242935206422	7.10722282649615	6.57206040981671	6.6631881259537	6.74033904248102	6.61479476835998	7.59341971525574	8.49205330798867	1.90351970736071	8.18918380263651	6.13217677793983	7.94686963352124	Low
6.52761347345115	9.01909403773086	8.37497405101541	7.66941757397752	8.7805723387386	8.06211055692423	9.159137025798	10.6773527494303	2.48074187683211	10.4500261235075	8.754556540535	9.20428805498674	Low
5.99152328226671	8.94043264138181	7.87936588796831	6.68757260663667	8.31715426364344	8.80050351183992	9.272873218413	8.9680403377928	2.44147076001169	9.51316529411552	8.42109505290803	8.21659903604782	Low
5.02872223625771	8.39061406133454	7.59108165401288	8.28549023265157	8.19620118721785	8.71264559077031	9.62589346072293	8.71278461257136	3.1120078721477	8.85390650601157	9.68593579435497	8.78087015568632	Low
7.01463174679573	8.66977589604121	8.37985569319668	8.09195970201325	8.19974389075033	9.82743621830324	9.70335530260324	8.6554207999987	1.87597120649737	10.282068314299	9.67313513071174	9.56315323501464	High
5.71195326387439	8.04385454383872	6.52515519998329	6.7753680608353	6.54959266561029	7.54665707806363	7.07079439018472	7.76614766872985	2.95227616187729	6.86608610426857	5.80972465637039	7.5210689598721	Low
7.86737224027912	9.73598457759792	8.70118224363007	8.35510606406853	9.01770612021934	9.39785447086588	11.9826364721229	10.0371591213477	1.98365996596829	11.6900655595706	11.1912110874417	11.1337896094473	Low
7.49452563461688	10.2447785343986	9.40355424904886	8.72158776564548	9.48731308375993	9.0201277055257	10.7941147160569	10.1871822044362	2.32240178095637	10.1418016158737	10.5164960219739	10.0904383632226	Low
5.02144847689573	8.44601845029636	8.65647000608183	8.33428899302842	8.84842597379155	9.04834227715647	9.55652380414486	9.41557961705853	2.44031534659443	9.77922508148896	9.08795621678079	8.60522214272984	Low
6.00645997291822	8.93626231037933	8.292713323677	8.13569236038048	8.53959674256379	9.52540334843827	10.3301463423237	10.4200051782348	2.34828886849953	10.3792959332272	10.1413941133965	9.43760473240946	Low
6.10692249192125	7.98314246813022	6.83227103286546	6.41770834843092	6.45775457428667	9.03287056624251	7.09358155711062	8.34564862475228	3.65459649451007	8.50299799756076	7.09179216284971	7.69428193600727	Low
6.1465979092138	8.79017780621487	7.45745316217975	7.93548148188081	6.80777683431055	9.01818870245503	9.65932535378884	7.45364729208465	2.34510617449977	7.61793097719896	8.40843753928591	7.33509506993797	High
6.71497212783725	10.5663840364269	9.45285417109888	9.75452043035184	9.70458808447866	9.4910827071448	11.2327421871952	9.42718325134738	2.3714763706788	10.5969399042322	11.4281381045771	10.3327011922967	Low
4.17430138121699	7.93181710596805	7.56628531812715	6.19031229042159	7.10235099278699	9.34230180523935	7.73157092451819	7.3221776098502	2.43776533982067	8.3801536939013	7.18162788278254	7.977229415065	Low
5.87715996963549	7.42614196886002	6.89920594187151	6.23296758683798	6.36243440773085	8.79944674341784	7.72055674720453	8.80050351183992	2.19552421954867	9.01418321574656	6.37189651308292	7.99826458556288	Low
6.01092238109934	9.72994435982285	7.09154741967318	6.6293777532401	7.45364729208465	8.63552256901413	8.25799905049918	8.33472385626106	2.18867886019206	8.18323808444179	7.92305617652876	8.30347806526679	Low
6.09342077797984	7.15777495703301	3.67791508115571	7.62081266039459	5.64186904324007	8.08580751108513	6.40468915934426	7.83621746298442	2.07279105380454	6.62566944572418	6.8214859751004	8.00917418226611	Low
5.93247216638709	6.91952861727646	5.76261446409949	6.39252610375386	6.47550158315959	9.7757099845582	7.23519855291275	7.17771791058881	3.56322167150931	7.35411761916728	7.1176473818719	7.59934310403179	Low
6.74583015277894	8.23678069115995	7.97928124621796	7.47936380974101	8.70235318285297	8.90329408972017	9.68299923095594	9.49520356268172	2.47032198253421	9.43501069285186	9.92756305011907	8.99931531885704	Low
6.23572557265822	11.1898913498972	8.35722530717427	8.74568579484553	8.53141521283083	9.76812475461966	8.96587465255337	8.34269551898712	1.85909045510295	12.6050823271932	11.3917659560419	11.1980824195375	High
6.7285904742583	7.47255171799541	5.16554771598867	4.5977851501788	5.38098198239074	8.69242827476778	6.63946931771304	8.72040854352928	2.0531070394235	7.96782802736122	5.30531556480412	7.45487887316051	Low
4.31632044409115	8.39211199104561	6.66688178737401	7.5349013674925	6.53451375224446	9.04069531661344	7.96234240443327	4.04342683855344	2.1484587947647	7.31956353175677	6.25651239263457	7.71739252802533	Low
6.64092961827416	8.2547547337452	8.17226993751003	7.47067555391081	8.59923768118399	8.27011189854818	9.06330478125491	9.58500339222208	1.62409384758191	9.96053969486409	8.53215013203335	8.52772025671035	Low
5.9410745883395	8.42789329491996	7.22697992734967	7.9031848247999	6.89191425922756	8.84770057831094	7.85053836018218	8.10571827939363	2.37097065903656	7.78297391004035	6.879509224406	6.80947453201671	High
6.4955508347712	7.23238316789909	6.93114519263134	5.92887482864812	6.62055772293308	7.83767982092551	7.53375133436187	7.25611816374725	2.52340465530992	7.92751472610108	7.27068654002644	8.35159633188061	High
4.75169698037585	8.0949891176436	6.54390324653267	7.50042348931412	7.12089800042204	8.67082278788696	7.95037293672727	8.18154212338131	2.47497700792144	9.20176885402292	8.07497837595126	8.5756022433686	Low
5.31917474729009	7.68510960389696	6.83844426826265	6.28544120175847	7.37267896332721	8.85750467192468	7.91243526306896	8.75208794369407	2.55582623740845	8.43075681986058	7.39181918830731	8.19410454398882	Low
3.26831003897856	9.30221883734866	6.28649966309388	8.42730667040815	7.10854740494997	9.52211560711732	8.33286173232508	8.46898127755647	1.93360833275382	8.2259208919333	7.4522580672494	8.01294034374675	Low
3.60528598746237	8.06211055692423	5.8497688531569	6.44382772364568	6.70002377258479	8.1409605803583	7.2403424006846	7.61310149481952	1.53658847847512	7.84606061632078	7.02966952946676	7.29561943903997	Low
5.33862305765597	6.90358226762821	6.65810416367394	6.5949081180789	6.00034829219151	8.13257806840771	6.45980902783947	7.76683063345617	1.91620055308467	8.19130151112905	5.80934496353509	7.57473687257362	Low
3.81969175860967	7.04378887844776	2.24571640632019	5.40052066046682	6.23364467091863	7.7395262731999	4.04143644143326	6.20031283709427	1.9317944394886	7.64081896073418	4.60245139021462	7.87977076641681	Low
5.64886513523276	8.08216119047123	6.76662541436628	7.24732310386793	7.29142199744496	8.74418656301783	7.61216564747489	6.12152185426464	4.16918401882855	7.97397563653392	6.95941029914654	8.04849909776892	Low
5.93333263114343	8.09516941576534	6.68374658371894	6.8207385882745	6.69890587099616	7.58631384497783	6.47211335509326	8.10836203710385	1.63859442707596	8.41357500775465	6.72791038210487	8.15254988656384	Low
5.90508138759191	8.80371747787952	8.18170699802411	7.63896343513869	8.37068390717428	9.01297755327658	8.90800647390566	8.80321285383585	3.56886696386239	10.0459538307428	9.91159873996204	9.2313098996883	High
6.06772927059255	7.82604487077144	7.28186814356084	7.00695115061291	7.78734383036651	9.15584421109039	10.1324983710216	7.96123324047329	2.35113137891688	8.14352374324363	9.8206773435236	8.1031902075141	Low
5.87176897604708	7.23425406023651	5.66076782077979	7.17705534915098	6.44070214199288	8.93108792633003	7.30662048292062	7.2933897690088	1.96862635472914	8.68945855210435	7.48305021374814	8.08785099223897	High
6.12005969693901	10.0888743499668	8.38796091960439	8.03633574888227	9.21543543550909	9.71108772331779	9.86189540022991	9.0602288303595	2.0248608386736	9.82833488368779	10.2898252520125	9.2604698595316	Low
7.66044027087934	10.2017902408435	9.21731254518464	9.1392019567694	10.0444253943252	9.28155325368639	11.3263053857856	11.5808024729719	3.13744940871389	11.5420033091547	10.6604206790586	10.5818508241686	Low
3.75739441969248	7.79508655009783	4.82854180946625	6.66458345723081	4.64283710475092	8.42257405993311	6.27208082958318	5.01270701059824	1.93429816782679	7.23183778288006	6.32092421612429	7.77403978140473	Low
6.31146012877372	8.32097736492004	5.38354335490629	7.47770710874138	6.25124661419298	8.27379255146263	7.02098610793771	7.37044122713917	1.74946172153313	7.63940644368661	6.10328048598717	6.89808703537076	Low
5.4570638146231	8.34534280208965	8.0396001701402	7.64977966026511	8.56652492582959	7.93885930730127	9.1202199931624	9.24125862565878	3.26522601678329	10.0710057361613	8.95211719368124	9.22365194699283	Low
5.42604755181889	8.01930769526021	8.54551081995199	7.77362129885343	8.86470741222156	9.00380660621817	8.54741768681705	10.2788976730667	1.40452813569284	10.5435514996689	8.0574679511484	9.25077879503779	Low
5.97941676424828	8.03068467016809	7.20055116454359	6.78001626305578	7.44807761602265	8.7973852013162	7.55572436459865	9.75131711152138	2.166628114606	10.2997536917951	7.63376162280732	8.52889651160201	Low
6.21124036792651	9.25409267400039	9.5048153008838	8.08799277374633	9.47489150067475	8.77790879250608	10.5309118674875	9.94116979312794	1.57544102538328	10.9650380664513	10.1979483503126	10.4342950195442	Low
6.82578628802024	7.46402631061742	7.84794715770442	6.62912542716598	7.90788824993356	8.04108972286333	8.50952098280304	8.84664665460581	2.14205011591341	9.00931967958979	8.31068993774919	8.51011991454442	Low
5.44113159623827	7.94949970950826	6.81682613794104	6.99063366933415	7.0401708123708	8.55275005748671	7.90772810758016	7.99125268439886	2.27745230301237	8.40621438903869	6.8658417288138	8.08814159761546	Low
4.80585768630533	7.9416457975174	6.42478434435414	6.61479476835998	6.06300410283867	10.5517005523356	7.56994956600995	8.52387980581912	3.41346110524761	9.12981224551276	7.87471967895022	8.34754142240638	Low
5.62408712481609	8.25920677429338	7.94836604365998	6.87433052793371	7.70201682832549	9.00162129161274	8.84694679004573	9.15099549875629	2.90080891230029	9.44954750652613	8.49916821342101	8.79396841651865	High
4.19753841564017	8.4005151713614	7.11692027149101	7.75182907139766	6.73378808477223	8.46199449230193	8.35130686266153	7.9413494446618	3.13518593721209	8.53676410406847	7.81052961772446	8.13039630533461	Low
5.65974280534744	8.18140316732397	7.57913643885331	7.39824827518901	7.77349316855467	8.05731312431675	8.59939659494385	9.31307367705781	2.13162109130005	9.67161643691119	8.85303479132195	8.65796503070009	High
5.90216855251973	7.85455317422996	6.41268273157617	6.40794966110245	6.63481146169013	7.4269682247974	6.54629931965665	8.79500914477129	1.66073108715415	8.44900766616032	6.27384021502348	8.45438689625622	Low
4.59721515087429	7.52947890966341	6.76067169414215	6.85586544165777	6.10729252481637	8.48889718082844	7.4141790465942	7.65165557381816	2.31704545499182	8.0188833112404	6.21473433155158	7.80865377648187	Low
4.52349515297587	9.35431695742534	8.73818132128422	8.63911585771892	9.15053610358965	9.34357592409339	9.51400926940584	9.47943009457517	2.98128429902144	9.57522280107254	9.45557542742887	9.28569515132862	Low
4.65658588047223	8.54461463515189	7.98703927551829	7.59835207699383	8.23871107880576	9.47294411599302	8.78781013335459	10.1322932248597	3.06846790595729	9.88114575011796	9.07216118555725	8.91415504955826	Low
6.16344316782341	10.9902412670665	8.54079189113606	8.4496420212775	8.36942132979809	8.89094077326582	10.5816288108245	8.87296789230162	2.37549773711372	10.2476219028158	11.3680988537474	9.63246956812816	Low
5.17606520381176	8.96288773620978	8.24487724483547	6.6313371148602	8.46913694217745	9.22010983495383	8.72187910485082	9.4549446924144	2.54538591572419	10.1433845484665	8.67237587545155	8.79262010082991	Low
5.63292699361886	9.67859037416346	9.17886257079398	7.46752303683984	9.30045136568096	8.6843119808518	9.97235571376252	11.1198435024444	1.66506026994351	11.3300864100047	10.4370380554045	10.0421254474853	Low
4.48682692185646	7.36572502083154	6.78136434566392	6.36093957481979	6.62467411333186	7.65408344654043	7.38560469301713	8.69052204291471	3.11993387594697	9.46528796935059	7.91922320489375	8.67374343344748	Low
4.18432482514315	8.41388333484633	6.59382603694845	5.94264459554007	6.77321296481856	7.79712314462653	7.71233044304707	8.56714374556825	2.39657835152309	9.04263542683096	7.51753664066367	8.58312638480998	Low
4.20221707872799	8.48874423101565	7.49439459500156	7.0799373556936	7.5802510459013	8.61868332504253	9.13984737150542	8.08142632293974	1.97130818121717	8.63122244198605	7.0455884575661	8.5437432014619	High
6.57509262839913	7.1176473818719	2.25460784615975	6.59012372913835	5.6735605880196	8.64089279969849	6.17698151324101	4.65096051982916	2.07804704910321	6.09807698150239	4.94780679600682	6.93763553567682	Low
5.11015528837514	8.62299004334154	7.76104172686087	7.94441177241172	8.11241665078744	8.55628095674986	8.96335265924202	9.18473776639228	3.45531554351643	9.60116641428314	8.38781671695559	8.93564958997964	Low
6.66998650449828	8.5381294997481	8.92275826861753	7.08071285649175	8.45695870713827	7.95269864391393	9.14387313643179	9.96146033225635	2.59289110481073	10.7979573320304	11.5045063642577	9.65522888027543	Low
3.39601173835837	8.33667303936704	8.61103412523218	7.74677811097317	8.62299004334154	9.07919806587827	8.38413809660761	8.88188098291148	2.46768860767495	9.05341204496657	9.34421270076919	9.27903920666243	High
6.64149348813941	7.95544704870566	5.25895119686642	6.05796218070657	6.39901705492808	8.42880606732127	6.49783559244803	7.01891698699592	2.95647137628456	7.21752209210779	4.14482774075479	7.04992086288167	Low
5.46912445136838	7.19476485887616	2.39877283772813	5.49619431394351	6.6489313309205	8.50639498162505	6.28350802649685	7.91289967156474	2.4897760777852	6.99717366127288	6.46737543768964	7.58165908170979	Low
7.11250293555405	8.70711640871804	7.8750022973075	7.28782766477303	8.49175123307206	9.08382355966154	9.61664800036198	9.5435497786235	2.07405950443509	10.1528476848629	8.41357500775465	8.9245830883449	Low
6.40881582526496	7.40143345753406	5.23776017942454	4.39153024794158	6.10026362905415	7.36616536756218	2.6222952694858	7.32587984340265	2.5605824723508	7.37183471435923	6.20158795207155	7.26270947921136	Low
6.19579466540023	8.24412661865648	8.09759184769243	6.67945510312778	9.35258007722991	8.50728474057778	8.89138081656148	9.20775370872994	2.46065919390456	9.91803827191469	9.5177853108839	9.38051195532085	High
6.99076136380755	8.91107833417569	7.94149182991718	9.12553105073801	8.74418656301783	8.82575767432448	9.60886476928336	9.96627470893271	2.79035759841392	9.4237015437024	9.92354523212622	9.7772926274524	Low
4.9341583668681	9.20080951856231	8.21292195651832	7.00070125089704	8.54756568792304	11.6135160058969	6.11290832182547	9.46727194477837	2.11571244690763	9.7020028795035	8.36985087897861	9.47085876839294	Low
5.57496908855064	7.79607491552091	6.86962587244088	7.45942304336875	6.47256867007648	8.85273052728242	7.48954131104543	8.07382879028028	2.51602568567164	8.05819387070514	6.91168847120257	8.01407150679369	Low
6.8039273085995	7.6097105306649	7.22712390078705	6.50021162715201	6.96637325185075	8.6702438999534	7.62887476968789	8.32845324837825	3.68685802586775	8.27853062011003	8.24879046950943	8.48728847935426	High
6.15340825307038	10.5274077899062	9.43089678500189	9.83652521443194	9.84455169983586	9.4371325742053	12.4466349071851	11.2004870220602	2.29352522342841	11.409746957686	10.6020786181017	10.713355682149	Low
5.67002914842322	7.28318138526632	6.98244828914952	7.08229068104099	6.61285446029428	8.42211920200049	8.06431090022054	9.14387313643179	1.71952333204466	9.03086572494743	6.30966953003065	8.44438532420281	Low
5.92700568571279	9.30155839897853	8.82546294574776	8.59012985447648	8.76590468764475	9.0146778619212	11.0421638700214	8.59705387257388	2.4897760777852	10.1387455045966	10.1822829856782	9.72141625499447	High
6.63676634639162	9.76065341191819	8.2554798699642	9.41155079515703	8.50700090819309	8.88839506379047	10.87750893314	9.66066841012909	2.64098380021954	9.98720313185852	10.2526240922549	9.4299361512872	High
5.4102275615067	6.58655600382713	6.54567334313208	4.93599520199558	6.35106904826954	9.54808387800836	7.88007967399178	6.76106310237792	3.25119940429706	8.45711546304031	8.03590385107123	8.60088817979402	Low
7.54878672001738	9.78641116331506	9.61751193348329	9.24284681366151	10.371556110655	8.9055631662884	9.93407709139156	10.1247678702965	2.14053195533315	10.7220845458053	11.687671750248	9.82228176816171	High
5.93217100969654	7.42235985512285	7.3676349614492	6.0623708166005	7.36804233066757	9.03269907103401	8.46781933215855	8.01179485041324	2.53420830364284	8.50151597933734	7.60540150489346	7.37097312927905	Low
6.67770857742689	7.62064950730339	7.37055899024016	7.48867674357394	7.8509558305851	9.56100711554138	7.4626073605454	7.91847246193382	2.40504198070959	8.67374343344748	7.81452605687626	8.61735144717812	Low
6.11369818797988	7.51019573575011	7.53551276494462	7.2385649541168	7.52290843003446	8.79290829350387	8.52626907515809	8.04237265268299	1.73805834778612	8.45438689625622	7.30782488286939	8.14515236027447	Low
4.0195133951524	7.21847067326364	5.65942067708013	6.38648039372383	6.85444635712444	8.32959745528217	7.23223273340265	7.83291702923164	2.61538375247913	7.36917754960757	6.35453223679798	6.62543979828409	Low
4.21301531335305	9.05156751410433	10.2421319796932	8.57647249016072	9.87528033942923	9.4776481149586	9.78604663835915	9.28872856026171	3.28961857268487	10.5035130657321	10.2445790943793	10.0413378655367	Low
4.01573289473417	7.86176918780778	7.55685717903281	6.05691217353104	7.26935268991166	8.98476908981121	8.47754710470202	9.81769155047067	1.30649749249127	9.7410846368172	7.40129780806145	8.45887319648607	Low
6.37737460199494	7.53989359386789	6.6785792322488	6.48129833953262	6.186270316484	7.63230870300474	5.66425707407435	5.40611406840143	2.11082942418227	6.24605931230665	5.34122104631048	6.6026091991169	Low
6.12974792537593	8.65243718745403	8.43499398867395	7.26391822727043	8.70801274570529	8.92289979841916	8.48384307397152	9.7576067379136	3.16016616104048	10.6208328844787	8.7190563865635	8.80498169836843	High
6.01504310730805	6.772530983345	5.63008855791193	5.8753875783593	5.91352549645644	8.60792345116326	6.79785574644051	7.54059384972016	2.12767814102696	7.71064773958797	6.62543979828409	6.75743566835555	Low
5.73125981417096	7.49483288588362	6.58318583169028	4.77004517254965	3.57699546912221	8.43778205211686	6.55993046082536	8.22843335667352	2.73727002764236	8.33300091334672	5.929469139528	7.88244815535721	Low
7.49148839568701	9.9141574996004	8.6465541280434	8.34076972087172	9.60181059358179	9.73580559658227	10.4527829292991	10.9189275359111	2.97475102968429	11.6967955527753	10.2990732466368	10.6716165563232	Low
5.70903312722482	6.79708957904438	6.00473456559261	6.2979289572422	5.06059208440314	7.77849327056602	6.10260260903141	7.77418818251762	1.6714851851285	7.40266788264811	6.20318680600537	7.13116647108243	Low
6.45185237158159	8.50564490250148	7.00425356837234	7.17256866459732	6.39961283841063	7.71348784071206	7.73271710448214	7.68033261335035	3.01184999921045	7.20147093480745	7.42290442820253	7.52673428029361	Low
3.95258559864766	8.10719140245331	6.3804332852019	6.26647326213846	7.40502290857419	7.6343462584342	8.22496063235253	7.58093941090218	1.62929811624954	8.58477686762104	8.99399558696296	8.60310007258267	Low
6.1077728505228	7.28116383229461	7.64762272169073	7.5694998918448	7.91124789768633	8.32915646908089	8.32829800276612	7.32694010331169	2.11892046930787	8.60851672073188	7.68234507761731	8.59523167351884	Low
6.19484216668951	8.28254223686746	6.93700160137873	6.33466576011779	6.97113712743792	8.21587991633561	8.5772241358022	8.53198743682794	2.16745982649116	8.39552695822421	7.30758660167301	7.79798096486533	Low
6.26358938091053	8.36015063524083	4.26503180930761	7.09502247292698	6.50281177530811	8.79575006262732	7.95718851291901	7.80426294935632	2.0876928180602	6.60964592398294	5.70060232257347	6.9655691657899	Low
4.16834194081487	6.76521637885211	5.57496908855064	7.86033672849214	6.90714503103584	8.77200813884791	6.36520136092647	8.69826759899531	1.84888075177191	8.5342984340463	3.99313938680421	7.78891047199594	Low
5.75870485459273	9.95906110577107	8.8557220369003	8.04908876076793	8.59377967340506	8.8840364563098	10.9380983561767	10.117047340082	2.68361075425216	10.7177629343617	11.1328185304672	10.2234802807853	Low
6.72452976528878	9.15502107139388	9.72088479245644	8.77962118777506	9.88584975617773	8.70769995100615	10.4693204221206	11.1304622723015	3.23350824069396	11.0338431180658	10.8707479939065	10.6432301713168	Low
5.84862137918975	7.83928450567848	7.35132712911364	6.9706002381316	7.02229009525246	8.67527641703898	8.52187128333958	7.88952160895108	1.85358664358665	8.28488523085319	7.84850957646914	8.22398088900953	High
6.45863240206111	8.30202452851513	7.64604432226951	8.34196883451837	7.23318051281281	8.61487818675458	9.97309600194318	8.78795243550021	2.01707520883879	9.64263858955877	10.2731236021691	9.07462179548761	High
6.11320109273154	7.85251941674591	5.95016022724871	6.45464617896914	7.18792046907081	8.12583401951609	8.10202259113965	6.67758826611693	3.51429791896397	8.54476680267694	6.5447593390879	8.22172979008264	Low
5.2335545880645	7.32804889647073	7.27258823084409	6.88131416528007	6.71483793557513	8.89169578224972	7.77376882833823	8.30921493794416	1.82595699106656	8.65317031358347	6.48283608614283	7.87731045912207	Low
6.39406822850587	7.54142049380659	7.31531342732847	6.59218187481506	7.0683686136161	8.04646504709668	7.15613210153191	8.92822084342092	2.38947819718432	9.48681929643698	6.99615908322216	8.32024718477067	Low
6.0161604616556	6.06068302665383	5.17566595608811	6.86083367073657	5.80741835733758	7.87270331039884	6.54511223105093	7.67085135873371	2.83529346808723	7.08084700164444	4.98342562601859	7.13338343942578	Low
6.52412074153688	7.45284221329153	5.48492727942021	7.14764194691563	5.37394289477847	8.71430299507472	8.01858721262895	5.39280837750574	1.89125297165255	8.15329429096924	6.99729808337077	7.54043654671325	Low
7.0740970239613	7.90170007001851	6.98469011905242	6.19346202886933	7.49022260119641	9.75364261987682	8.04193138319383	8.79097026518533	1.9809636772725	8.67937724707861	9.12614008084542	8.84965069161502	Low
6.51818539211388	8.95568928026528	8.188894180051	8.80481704532861	8.86032771749579	9.44738923762064	10.1941617287768	9.7562181778225	2.44668462654532	10.2624036185701	9.70250708771609	8.8151334296047	Low
5.76083796633433	7.14209407644973	7.32587984340265	7.53747044151195	6.49723644511421	8.19747114051804	7.496088445677	8.24515687978809	2.71321343780513	8.24821107888328	6.25956962014235	7.38906245020456	Low
6.83522315468195	6.98480669917169	5.64994621944585	7.00265415945187	6.18877794760594	9.35944573660777	7.54342175459312	8.06357392326833	2.05234410436217	8.32605736320819	6.93534579540164	7.78021130214894	Low
5.28497991832048	7.20494542432249	2.409102865983	6.09463102271444	5.56713789923538	8.67269749847106	7.36436654694308	7.48576365768587	3.12100197424062	7.37213055665063	5.62083790802716	7.73045813232468	Low
5.46610455606993	7.96095609618681	8.24115138864055	7.46557241611582	7.74420742724578	8.50982609937379	8.65361457199167	8.58848322179787	2.60954695686955	9.2159154498725	7.7879095530717	8.14542269074476	Low
7.4325758380965	9.49604815867002	9.80474555295891	8.7981223398062	9.66240038972727	8.9666315395681	10.3327011922967	11.6714671049381	1.81053490065259	11.7929904424577	10.3197272176159	10.2913158538519	Low
6.59527807605771	7.65579862285343	7.60622376468367	7.22047318573162	8.24172688163662	8.20273837489986	8.3875176017149	8.89185550273448	1.7600288241033	9.67244791384858	9.09729425208076	8.86425669281338	High
4.09531123892424	8.68207535696614	8.42198002689384	7.56461620724607	8.63580658271547	8.48149641292544	7.78675552085102	9.66792747703609	2.02206691922402	10.0816056922478	9.59600336145156	8.99852852182565	Low
4.54161238616389	7.36556778847731	6.96544825100265	7.42389379803618	6.54463560307274	8.76483700077078	6.31403255909313	7.8459269176265	1.68260748792535	7.72658395615316	5.22502432145735	6.88636710582123	Low
6.22465918871937	8.66005235997234	8.52460809040213	8.92093408543075	8.19219030234981	8.72585350669094	9.98529936867197	6.73571603534879	1.69625081047852	8.19116221171169	8.82711418421212	8.26361147732784	Low
6.12704145520441	9.18867528563015	8.15739517160443	8.68326789935352	8.47652987057839	9.49370510933354	9.72592068552754	8.75331361175532	3.0735651207506	9.17187025996547	10.2314343894761	9.24689933347636	High
6.15757769300239	8.12127899304332	6.97513726571293	7.90921897538465	7.139907963342	8.67480639891657	7.77349316855467	10.1880001640793	1.62571741402529	9.27683866381785	8.57378088077564	8.86995882820648	Low
5.87037434592034	8.20203428178829	3.33628872273875	7.34095102020663	6.37344793404925	7.60721105799981	7.39140521640522	7.31018503397626	2.65118347215056	7.16307087454286	7.5984893205328	6.96768261805914	High
6.35715425444859	8.38107878927217	7.45006278462171	6.77414100422985	7.06001769137583	9.28184869942889	8.345042527188	7.70042215900594	3.23531477217299	8.65887489775714	6.94989660015936	7.91080548132214	Low
6.65034889758232	8.23840359685286	7.84363900427241	7.87672288148327	7.59496202242829	9.07660335405907	9.61919276472632	9.03116160451302	2.08122170530437	9.53104752797733	8.79842905339862	8.04049937490114	Low
6.72345632999155	8.82913213324267	8.0175574320917	7.31431845097758	8.82424743293152	8.27116678349057	8.07370058960676	9.7261081959777	3.36059659310242	9.66469625240537	7.79696645870258	9.37283210459083	Low
4.71448056073321	8.99610373770959	7.75040576395724	8.20364570366484	8.07571723404992	8.30143104400117	8.89004118923164	8.79988927734393	3.20958250105513	9.1599081958577	8.03915344430818	8.39871395453426	Low
6.73674615867028	7.48850704861563	7.21971496105525	5.23379717390701	7.89275210748759	8.33216003262262	7.37196912637812	8.32426293850967	1.75745901650332	8.81391610050146	6.60730065057398	7.62340450410084	Low
4.48740588580994	8.99551813450635	7.40280027252909	8.41842295054545	7.84276475081575	9.03009380557469	8.86589335026758	8.32055527994112	1.97511861899148	9.02574247139419	9.8957730169417	8.95954445261316	High
6.04059907435015	7.31728928579062	6.68776605003994	6.1166351203413	7.18377702946172	8.21036723125967	7.60508485559743	7.81185233696268	2.14053195533315	8.29965183196713	7.20522005375442	7.26759709556833	High
3.68565122289044	9.24628162121589	7.63230870300474	7.68540055559327	7.73937101491217	8.98650119209757	9.58197964245018	7.78372235158901	2.75925321909848	8.05930121782324	9.26877948952745	8.59118352879339	Low
4.11485573369938	7.46237742765613	5.91495966920276	7.31500053246538	6.88636710582123	8.21542746870625	7.68380875211525	8.29286149216672	3.50436981815769	9.01268136334442	7.70855951532245	8.16040605140798	Low
6.65610759357674	8.68385145752803	7.58000254174861	8.41581822095134	7.30086560500247	8.65706851612767	8.70266115396414	8.66813585737829	3.91783775299722	8.77947711439248	10.1009244001618	8.49428377258828	Low
5.90844819701775	7.50723441723262	6.91385308802011	7.07459724015953	7.10632696726956	8.17473707592946	8.11969606151247	8.14366312809802	1.37390505179248	8.47828988522895	6.136568903765	8.09167047187703	Low
4.54856378466342	9.18761337936584	8.65150715448677	8.54832852068805	9.15219327326021	9.12784615541002	9.52226946597188	9.68644419773869	1.86263906785635	10.4231608966401	10.375310123406	9.69060726251403	High
5.28854350510015	6.92627962559687	6.51557173243208	5.69329459630107	6.11729947868842	8.18903674891852	6.28700560527751	7.88378425551671	1.98617933144725	8.26909314160132	5.77983632844162	7.40903481484547	Low
6.08718532762229	8.81030515639133	8.19439425968506	7.67758991258057	7.95703061190058	9.10083918118843	9.39405744120814	8.5148930439667	1.50339220189017	9.4073314151573	9.54620428020726	8.7352273130377	Low
4.62568416627713	7.72714582821563	7.3833986989981	6.7184427024038	6.85148979007842	7.88938034620578	8.09997586127755	8.24922660004634	2.03488809680662	9.39850334228688	6.95838719737773	8.18354523856984	Low
5.91878992995355	9.0709000562737	6.42230704059322	8.05095143225812	7.31585402162081	10.1831172177696	8.62627250315743	9.39405744120814	2.14875034120208	10.3910661459478	9.23289141763906	9.66377970942895	Low
5.25359420173876	7.35042742002154	6.54130571791105	6.86608610426857	5.99267651961566	8.22040660972646	7.56434216279676	8.12114361108404	3.07626352882677	8.10245547511539	5.98987988882234	8.22216826834755	Low
5.04707314441247	8.09966708029565	6.1095363060083	7.82249082074158	6.67923090556017	8.90908062643167	6.93545751580756	7.80847065113114	1.96441256904298	7.97956042401756	7.75857438619674	7.80687218739128	Low
5.58634760381161	7.27134741515463	2.03529151015991	6.58605099980733	5.49819318673489	6.73263017124616	6.85041125651162	3.61218030913799	2.50812825782586	7.22871811888338	5.15750700228032	6.31020848560056	Low
6.35625981435332	9.25736592169162	8.4423085332723	7.13917502001011	8.6609117408406	9.30092373459072	10.2443728213439	9.55981038189231	2.04680580026261	9.69530557554784	9.80616091006864	9.14807421425749	Low
5.72292169718367	7.78049812368494	5.9478452441091	6.41577641055606	7.05782343945832	8.73224828781003	5.81896042157185	6.96361056686466	2.44668462654532	7.44793433272516	6.11301769674891	7.91095601814878	Low
3.7212011568343	7.85110260649409	4.61550307325189	6.26469668954144	5.57456417239206	9.42383938058641	7.55431667790404	7.5271301310062	2.20056143431343	8.36575599470753	5.94094133847152	7.60310892705043	Low
6.96325321605495	7.46706782031394	6.99402866683985	7.07317492891097	7.32379499945379	8.93285847813489	7.99067437198303	9.23814681797943	1.77066815608938	10.0511609400212	7.80657175111942	8.72069447227226	Low
4.47337240736781	8.43338811446354	6.61394996227181	7.33225704650793	5.97438539296633	7.74376668050643	8.12127899304332	7.51824761028179	2.08854537448177	8.01944803753002	7.30521550247365	7.60294178325324	Low
5.37743932202308	8.60909168666075	9.01511546164114	7.37082844312931	8.87915149272962	8.80050351183992	9.13478501752346	8.48550510175965	2.3201441675276	9.34927790951823	9.42962571538033	8.78590546634909	Low
6.15463982412712	7.54864850757395	7.56124127683948	7.73879055395463	8.458299826674	9.87311099692482	12.4560370800048	9.4299361512872	1.67588844464861	10.1721494670293	10.0959123539701	9.65591206585795	Low
6.61050713392083	10.0624969112074	8.82002044413525	8.50267624056488	9.3640630790369	8.95107782991897	11.642124343788	9.79007226649845	2.26898237808753	10.3839320036357	10.2530379915608	9.74312266286244	High
4.86806165611884	7.51489795134653	5.64470680174904	4.63647604223011	5.79083613650928	8.26286476809996	7.01449532082707	6.45932137288964	2.21978890976619	6.33891079575673	3.96834314236701	7.29093134454784	High
2.85994844005766	8.17310810648993	7.4630445047199	8.27674075270353	7.43945005357153	8.52229176192166	8.24589458201962	7.57784505918062	2.01877074361601	8.23243791428073	8.67052657465902	8.58432399802521	High
4.61480312114629	8.47982537960359	7.14300311501305	6.55467168586203	6.97400574151832	8.78265265966836	8.56340415972664	7.80585618295149	3.17484959255412	8.28958321942356	7.83176103573771	7.95674099619106	High
6.61894834831565	9.16471266823719	8.1899154731457	7.76281480611414	8.62806239135706	9.77869681098233	9.86533552374316	9.45542233402022	1.64815253055253	10.2208164020302	11.3870288512652	9.87348612317264	Low
5.91855689259737	8.34547980422563	8.04458029624079	7.12358521733043	8.71995304355612	8.5526233418684	8.57574816129782	9.98871400147952	1.96569339584825	11.1091833242074	8.86995882820648	10.4047004884263	Low
6.61615431268125	7.85976751680484	7.39181918830731	6.83884500640908	7.68743505192808	8.11451773560264	8.33932314901474	8.13965676508915	1.97267513158492	8.79110524877726	8.11687221741535	8.38517610474044	Low
6.45964246436652	8.70057167307279	7.83063563195486	8.11115984449602	9.17327052394641	8.74402068672184	9.15899541667738	10.3244205480242	3.52619669610308	10.8530856962965	8.4717696643907	9.40829181564649	Low
3.52352540071302	7.78859492606163	7.66941757397752	6.74968725765067	6.88728179895939	8.52373766838221	8.589062817317	8.24748214140616	1.86954606147258	8.09655194380226	8.95818450268878	8.56533304078117	Low
6.68822065185767	7.61708829833193	6.17172612599273	7.34970071019347	6.29353378972404	9.39785447086588	6.30194612563575	7.72617422913745	2.66842040931624	8.36237266000764	7.12182023301081	7.47936380974101	Low
6.00138431847272	8.7141566507322	7.99511025606196	8.42183081155069	7.74193094489817	9.05357122061352	10.1542751247489	7.85023740498231	2.1882938441164	8.32886928042723	9.47928099799081	8.47546103981489	High
5.1855769806865	7.83896499571795	6.43682296407862	5.56488676132181	6.145352181176	8.37513701225617	7.5865857477184	7.50184312157642	1.88408934689213	7.16101438238223	7.25109492331606	7.86780389708791	Low
6.14210236866751	9.16193079291287	7.69053752434464	8.06328371124975	7.98603959221999	9.37988281530441	8.97682368916192	8.61778574809011	1.52182016873777	9.10128601390138	8.81391610050146	8.56667513681108	Low
6.9449071590187	8.75255306116126	8.34286083431985	8.37704070263008	8.91433042924672	9.08092014649321	12.0498503213214	9.08061977417698	1.96379180580376	9.90815624364109	9.89521960757375	9.60229841582997	High
4.72025689441597	6.6614773242677	6.55599119106804	5.83198289202424	6.63901282468113	7.25327726483027	7.6860077219237	7.71489291676954	3.24440319940334	7.06765633562173	6.1162186730546	7.01400775787476	Low
6.82222156715425	8.0915258838919	7.29501686917314	6.7513006455518	6.23925984824044	7.11702813640575	8.13672286535172	7.6820719452918	2.92294360085547	9.40128409071985	7.54611023572127	8.80231789220475	Low
4.63127853835611	7.22725168758827	6.34749736804858	5.81114853177509	6.14129478683949	8.2862026050921	7.87314236437374	7.61338690158878	1.68965327080879	8.75514251647978	7.27588727594666	8.63015367820241	Low
3.26580439594212	7.24672942756476	6.79545955485513	7.48065702819328	6.58655600382713	8.0681840631092	9.21668249999768	7.71446028741058	3.46335396295811	7.69543695842307	7.50512519054648	7.32997132093009	Low
6.3151831248993	9.54588118700287	9.79815132124211	8.45113101645091	9.43074264245307	9.41828110101883	9.15022483107124	9.65371512298078	1.78739278436513	10.0667193683574	11.1821165364314	9.46281076894356	High
6.70386629350543	7.55078761487874	6.66859073717895	6.24517532939406	6.75064462460802	9.48133765383174	7.31728928579062	7.99574005244077	1.83438661923995	8.45545502822284	7.30593300181346	7.95037293672727	Low
2.64360189402154	8.25315859070647	7.2948727620781	7.10395561560805	6.71427364959779	8.60658695440266	7.86998526886818	8.33623321704851	2.38998444632737	9.30189702810768	8.9780039662228	8.30361070810033	Low
7.09055106691549	9.72714477451586	8.95968432540476	8.62759146653438	8.97370244462257	9.47394879191126	10.5897777337151	10.4316113556663	2.15750955618781	10.8488622558907	10.4786910657601	10.3540138192063	Low
5.56054381128902	7.85797952325305	7.58644682936529	6.85393434593131	7.48911996745333	8.26966738646013	7.51505873482662	8.43426105713014	2.1669856900681	9.05125630020948	7.14764194691563	8.15607767321925	Low
3.99474241705352	7.70458148648466	7.64836051841791	7.64778383863407	7.63362531122527	8.55364569699488	8.13199015359661	7.77018589604315	1.78720501511539	8.50327349727627	6.81087909325255	7.80779029818948	Low
5.47380745978292	7.82882832111319	7.8647157048099	7.46829886468576	8.21911345004187	9.19474154457304	8.33020512414989	8.93751547242436	2.43560389679809	9.72019376927906	7.39168026222186	8.26534698313294	Low
4.53830380289139	7.87399799580027	6.21416297824372	6.44418490571514	6.52870186474403	8.96484033718698	7.20119124694584	6.72452976528878	2.01749985692106	8.22484397769706	6.54073674432797	7.19461508786022	Low
4.38547670329457	8.82485628271467	7.32142705442022	7.61111956752341	7.85842108331099	8.47327378323102	8.13319255369738	8.35869398542778	2.57833255501548	8.60188918415903	7.68698332331053	8.20664650471885	Low
6.06227617551716	9.26474872261367	8.81833407834923	8.05081385213074	9.01802762666682	9.22365194699283	8.84979831285373	9.83686702376573	2.00469654355248	10.3646901634479	8.45292506448756	9.32052477553956	Low
4.10543822029212	8.4277530865757	7.48519165674737	7.64198635784206	7.15097402514659	9.37750737969243	8.27911163772041	7.41235770736957	2.12221712762943	8.20203428178829	7.26960511642115	8.03901344857975	Low
3.48242935634415	10.0258374768988	7.96221094118551	8.57588798756996	7.95618376928609	9.32844386557475	10.7821869585391	8.84856901102957	2.15146219472228	9.16902737120697	9.64587889190736	9.04982983921566	Low
7.5075268217167	10.4610171810283	9.80544823762417	9.69600750505976	9.78029502763045	10.2961457912829	12.0912648499929	10.9717580216975	1.51309936060823	11.6690773830224	11.2886356974546	11.1334546981207	Low
4.38333690469833	8.33769056873564	7.62224835552885	7.77707547748756	7.73979850459191	8.39917679153903	8.33329142422681	8.0913750048471	1.85491926304396	8.69289352994649	7.53446993863852	7.335675060362	Low
6.05326711503469	8.73479776305989	8.10086824898848	7.48374377225525	7.39245547223269	9.83029783794393	9.55948910374807	8.31098494304923	3.77543677039187	8.94855003039465	9.71336080581796	8.9965468869922	Low
4.5774716306396	8.57977057034195	7.9200730030286	8.0288800957811	8.63358366588648	8.69332323982712	9.30363736604613	10.6008957833671	2.0365005671542	10.9457228800743	9.31401033347677	9.68048372684196	Low
6.78016796311279	8.78945845170107	8.07982753783004	7.62296220925775	8.03198465469655	9.35626257568694	9.65626391377634	8.85765405219788	1.61008548774905	10.0248160082037	8.6716162750883	8.94485298281347	High
6.34233501153805	10.4975265077069	8.64150154070988	9.04277922198045	8.95568928026528	9.88787350436947	14.1232510372907	10.0283632965469	2.07116906266979	10.3813071408272	10.7954836540224	10.2943299930533	Low
6.51752512052016	9.06805182854469	9.09401944410707	8.26867724043196	8.85900294716523	8.49946614620032	10.5202634326834	10.9629652612184	1.94961831231833	11.1181840306201	10.3320290268129	10.1385441697627	High
5.22682633676987	8.69587389961375	7.78280837355177	7.72989188646509	7.6370124494899	9.44441285141008	9.66689168572618	8.96381231958717	1.81014977224566	8.99472626958544	8.90135676923897	8.71637434066463	High
6.5736557665029	9.4071764418358	7.54555757643703	7.86351745634959	7.36974530923801	9.34752790011018	9.89339999326811	8.08888056967089	2.31772209691946	8.20034330688713	8.33300091334672	8.05206985399885	Low
6.23903371265338	6.80271157263918	7.56182234386823	6.99551706176433	6.83522315468195	8.68624306632227	8.38092923554701	8.05081385213074	2.21258040750155	9.00765145417583	7.91095601814878	8.06715992772231	High
6.16154997734663	7.7502714128205	5.00282152078468	7.22712390078705	5.89888023207087	8.73606650744724	8.43354594833448	7.91331189173469	2.55299698946017	7.40649362187213	6.74073292408217	7.65694387215753	High
4.41796931447479	7.28440086543696	5.85804748004187	5.62575410762074	5.23029508803015	7.33076200776689	7.80438935633793	7.85511772451341	2.19727349473735	7.59028207930154	8.12525849705967	7.85626395828054	High
5.53956543548275	7.17045496727841	5.9408176748324	6.7424602707489	5.49872788509581	8.92881054123119	7.24732310386793	6.64482447499565	2.58515989452755	7.83896499571795	4.74310676746321	7.78914477986711	Low
4.18867830785997	9.02332412790918	8.05762840295296	7.4939560113538	8.37912055875334	8.33216003262262	9.13305206566464	8.61355000146656	1.59121247102395	9.72037098266334	8.78751243418731	9.13890228579199	Low
4.18997636306533	8.07014843912797	6.64079762986697	7.18576230504361	6.29803339376409	8.71037795537542	7.62137515763875	8.54520481682703	2.75372016954996	9.47489150067475	7.81794958058497	8.00330795445322	Low
6.54844881437005	7.79266853402641	6.06526951921926	6.91717977683607	6.54035435470738	6.46336149358897	7.3927337363287	8.93474346131968	2.60177960898768	8.83527667959979	7.4269682247974	8.27468930258324	Low
5.69140659766567	8.06211055692423	7.3566946893258	7.28172869521961	7.33024506886389	8.97419376309198	8.82758305419934	8.9233624775518	3.38799581670548	8.82471296138551	8.54242477333479	8.49055460380158	Low
5.95105399422009	8.50564490250148	8.51515138436293	7.73627994325152	8.38631501974484	9.10599012462822	9.27004239754789	8.4900858118236	2.17129611546122	8.81406502706385	8.621488751388	8.28326358279564	Low
5.26637741689179	7.8845161987374	6.8207385882745	7.14124335869331	7.11215175584788	7.8080457619777	9.55636194291212	7.27476826450779	2.31474143824895	8.86229318518003	10.1809054735343	8.41417076537146	High
5.91208951408184	7.40472640304901	7.29615874485088	7.18806243466715	7.51384655212732	8.34429818419471	8.41550395112764	9.08444402934545	2.66083435293727	9.56085129368654	7.80054862688397	8.36969213636523	Low
5.9410745883395	8.46053228445951	7.18782142742515	7.43022324750552	6.87486687959192	8.83679435072346	8.19424174636567	8.76170406773711	4.05863768373482	9.55636194291212	9.39900410241646	8.610010667986	Low
5.09523149423177	7.70911803560849	6.93712629555891	7.08587679846214	7.78630607467898	8.79170775164683	8.40294009700884	8.16400848960567	1.9011840916646	8.05177215924886	8.03901344857975	8.26837112713826	High
5.86469552257298	8.74703656907901	7.31036063958825	7.64396640871436	7.16468743163607	8.9489804827219	7.90115289711202	8.48861844700874	2.46065919390456	8.92717421070856	6.94388168326494	8.29402315426566	Low
5.90831898192541	6.92236166812814	7.71942397345171	7.33345528786698	7.1736496596068	9.08427861318453	8.11969606151247	8.15870087820367	1.89885532103315	8.34254091651586	6.89530152356143	7.59623393617657	Low
4.11562648871547	8.95553745480149	7.59740000074188	7.40389550710125	7.31308339570647	8.79975235455842	10.0527052856821	7.47166854709465	1.82236482044161	8.25036807614087	8.65526573692761	8.45308587967374	Low
4.03106422747154	6.65810416367394	6.22146282512555	5.52272382178879	6.20788242506829	8.77947711439248	6.51475290021788	7.32983527046893	3.2140543383277	7.07472094758252	6.0022828808288	7.40157854536135	Low
5.36141893642246	7.45335548173079	7.00944205510055	7.04418016957681	7.36256339409528	8.82319834493947	7.57657906435008	7.70289041103774	1.83513558962265	8.50846298062144	6.74740882609189	8.0711687216198	Low
6.75185402261243	9.08243214278954	8.77038375829425	7.5347544736067	9.07029182060055	9.23481830994029	10.1040993582711	8.59332247080649	1.67351564969142	9.3087823664182	8.69440281454767	8.92746903648791	Low
4.82713903298266	9.24302024588297	8.78768218066822	8.93348911744801	9.53370856920291	9.31495681669732	9.66000723553239	9.54322113244812	2.05150448995939	10.4574742550106	11.25263220886	10.1230089991898	Low
5.81460720833861	7.18619884144404	6.13107080904859	6.14410302945287	6.24517532939406	8.89440438297768	6.85344927731888	8.38399874560403	2.32806814849328	7.82342939418835	4.48933138789952	6.84270379955619	Low
6.04345977349487	8.61532738401598	6.19903178812158	7.29615874485088	5.03870342748164	8.07483370858245	7.69944339734285	7.34263780578839	2.18714051888873	7.21285688232416	6.68598316951275	7.0711950412961	Low
6.71561624589917	9.74278015303646	8.82424743293152	8.35308549261535	9.23638135110514	9.97032963543969	11.0640330842083	10.6526938496439	1.6541951194593	11.5108006532879	11.0842227448948	10.9729314340664	Low
3.80675946656426	7.31750409703222	4.06924887321408	3.91713287544519	6.08791885727717	6.06016757619094	7.30247300553404	5.40916953431457	3.17574879502529	4.71266750403437	4.4625356307272	6.88143148237482	Low
6.10830794424515	7.79237226565354	7.23950266233197	7.97059272696511	7.03549775718732	9.07430856849343	8.78723707424678	7.70417876089164	1.4637924750577	8.05149759848203	7.77205428143327	7.96180012388831	Low
5.47074944020176	6.30301630948604	7.71405383806909	8.25877145766917	6.60864839727606	8.64805343398933	7.67243121709635	9.13826754611301	2.18188257499635	9.2912890755077	6.80404461529954	8.27363554538345	Low
6.32932373580167	7.88983465362792	7.35766499740802	7.03713753279657	7.66986181091827	7.61084535735163	8.31083955924558	8.20018293684993	2.0511154903892	8.03664281792318	7.72904096772996	8.48777082804098	Low
6.18738702024067	6.51163863421057	6.34735027903722	6.97177719582866	6.36562520523197	7.12507536945305	7.48220770142148	7.46871533085982	2.16357863436606	8.10542525257319	6.74194938467297	8.16310737385959	Low
6.74664676045669	7.67960024606295	6.54535729446542	7.23827328177278	6.76703664928298	8.32263790437922	8.17356099466968	7.92230056958004	2.44584842434859	8.70235318285297	8.30143104400117	7.95081180094738	Low
6.16223037285719	9.09910817700507	8.74778673680444	8.39211199104561	8.74479978911716	9.31716261416745	10.0466936416464	9.88460863372189	1.93295507652399	9.84978181575628	9.77025148488894	9.59111365614324	Low
6.79018809994646	9.0352296034721	7.70911803560849	8.2195505052186	7.36282771015245	8.78839138973447	9.33005489209545	8.88869366945842	1.87068382611587	9.00162129161274	8.99746744976494	8.55451901481014	High
4.01442841120028	6.82126501599665	5.45789934410585	6.10144728135378	6.67923090556017	7.63544504609485	6.35996071794939	8.06531604278284	2.06396866503771	8.3399171349686	5.94793733692581	7.36451388951432	Low
4.18209447752885	6.57853141766453	6.60039982082896	6.95290682109318	6.61000006299598	9.14701626656741	7.47586419205209	8.23973266355754	3.08700517595379	8.50111096445892	5.86965749294848	6.99575253911944	Low
4.92820581542062	7.39030098463678	5.33622981052769	7.1138179818919	6.57157178388146	7.24823781201814	7.19365703790275	6.81283968032273	1.78059250314827	6.47559854091122	6.10621369983557	7.01568401784168	Low
7.01226890227573	8.02372413840257	6.8912414998442	6.7340378027484	7.89969039841982	9.0813776150048	9.53402809422257	8.81572985227133	1.75822118707321	9.55865931999032	8.28447015756969	8.4520529782149	Low
3.74853157863859	7.60182648220696	6.13395516392309	6.17675592990713	6.87763093602172	8.17857124573724	8.63358366588648	7.88036697620929	1.89643186488294	8.77215660090629	7.24268573326643	8.84604405952108	Low
6.65589831346151	6.57963173895539	6.50790874738945	7.50624956822237	7.23989346361236	7.81302175995802	6.70288948524918	6.79875822464897	1.56427593300491	6.46175250951592	6.38355772144991	6.65478602766032	Low
7.32366318707636	7.1176473818719	5.9335576777769	8.15475733900042	6.41649184166528	9.00704534130795	7.15777495703301	8.20767628160872	1.87948338938908	8.55008924485796	6.68066135584264	7.4784201733775	Low
5.49088710455564	9.27161062002115	9.08413384378745	8.8834206375279	9.73897222363932	9.60084932916375	10.1875981276402	9.63551416843982	2.8022306920035	10.6538861580315	11.5956468077514	10.9580143308025	Low
6.0856985980429	7.49999944295515	5.35442077725387	7.24906790113481	6.36153380927606	8.63433126312278	7.70714259183687	8.13347316585493	1.55709981772532	8.1186347359646	7.58730275929065	7.97041595916861	Low
6.7308928312249	7.60467876123959	6.60247379475606	6.44962870411351	6.50846505527903	8.33607285564704	8.26418790431514	8.26317647664669	1.43167785313233	8.44762189522659	8.0087264133468	8.18218418346303	Low
6.36435226471073	9.20206494657085	8.58848322179787	8.99976089673551	9.47911730633673	9.24598398468278	10.2318309102678	10.6500593413999	1.69017689800851	11.0282004659082	9.54159774538435	9.86031068830814	Low
6.02673220691332	6.70653945392121	4.2216895366708	6.23386731710935	6.55144781547962	8.21215285898561	7.20439200510263	7.32818133334464	3.1345106092373	7.21648860613485	6.05888802012127	7.50416850601672	Low
6.7515837177117	9.11552724180427	8.34120168612431	8.37513701225617	8.11420988313773	8.98894191175279	10.0455690298794	8.84069556180585	1.61871852263222	9.98338940237334	9.66863454677191	8.13922715133674	High
5.93738275038307	9.27683866381785	8.69393881586235	8.19705259018233	8.94957724153264	9.73598457759792	10.2621774139588	10.4639986669029	1.76972884286555	10.959180740597	9.70184143321628	9.740928244696	Low
7.23720195089778	10.0073171244135	10.1269353985329	9.5079990719154	9.97141886028983	9.69325739984952	11.0716739899884	11.7060487764156	3.47437927486228	12.3186377023667	12.1915040897916	11.194982113703	Low
4.78649165912352	8.30669068829242	7.1779996086513	7.7672471069998	7.0401708123708	8.69303841730878	7.95255413756995	9.93884255860435	2.25565638235597	10.1634653470249	8.73984425687261	8.97435012410961	Low
6.39714915015224	8.67845420130101	8.3160529712797	7.23183778288006	8.45263757799195	9.11896176461722	9.08488345704047	8.069541596993	1.72790072251678	9.64111476869004	8.89339848501221	8.63122244198605	Low
3.34785325378691	7.46079416155863	5.11628456798007	5.20904165459479	6.53980406443163	7.37570682269066	7.07342470756456	5.67792099231904	1.588624006606	6.54242624865919	6.08666230739913	6.84007977803446	Low
6.42746310624323	9.66311244224283	9.14294680703268	8.74250987181421	9.35738768298781	9.70352851099966	11.4374362631944	11.3669716811111	2.37549773711372	11.4044998778593	9.21434026782004	10.6358936241302	Low
4.39638301926579	6.81502201849897	3.61193141444324	6.69118972986322	6.48899940852142	8.45349024162802	7.35727411476665	4.19666642996824	2.717255071052	6.8763849433969	6.13963968427239	6.48330836297728	Low
5.29828816646538	8.05235068268714	6.33952368559613	6.76332281420811	7.05673095085684	9.65218539246717	7.43204753326839	8.60895542419534	1.84503495099022	9.19275184827346	6.90205443306701	8.10230468026309	Low
5.83803047726787	7.8503711527557	7.56026800284362	6.95525103889228	7.79739452280146	8.67831815822554	8.36877976924744	9.13056641928249	1.55926443645749	9.30028721040537	7.97221989337225	8.51381100371106	Low
4.41314043353939	7.12534554509812	1.61544566357624	4.59180771680436	5.88119474907073	8.05307703716423	5.38826820820925	7.022541126293	1.78795562539473	7.12089800042204	6.37204457303909	7.5216235233949	Low
6.27369308089666	7.35981815474343	8.00665244206943	7.53021619455817	7.45256453266874	9.47197646479267	7.88705529346286	8.27363554538345	1.6714851851285	8.57051209438048	8.13569236038048	8.36606996016864	Low
6.06882503844393	9.47503878570618	8.5756022433686	7.75628967394668	8.8392148527425	11.2522929393308	9.38797447308962	8.6947005967233	2.17759972149294	10.0871039434145	9.84637816433279	9.43583492272547	Low
6.05445241672537	7.50553189283037	8.33063914724898	7.7130501684113	7.19488188050799	7.77018589604315	8.06730351181034	7.62508274412602	2.50389132703051	8.64879109659273	8.60507848209561	8.27925344322417	Low
5.44399469468433	8.39242106371345	7.03227665948408	7.61651349322275	7.49243915881741	8.60954589907438	8.06789214015275	9.41304440060044	1.76972884286555	9.84900821587031	7.95430220957667	8.00840919426177	Low
5.62261949688036	7.18978498498062	5.76505369708648	7.77680071844177	5.74641619790248	8.61487818675458	6.9541688301672	7.42081793690626	2.10578229731013	8.00062983188847	5.80815355045644	6.70919219756456	Low
4.47617644827106	8.12730140007147	7.0383339692432	7.36847091299969	7.24958816910244	8.06459733774834	8.32989669385017	8.1118579355082	3.0962062753832	8.27569597640299	9.40766049015899	8.50111096445892	Low
4.72382570907435	9.4326883009457	9.24002654646427	8.47800700363627	9.95686121831629	8.16353742341515	10.421856151121	11.2841651606122	2.13206920754685	11.749594572534	10.3199155688106	10.1433845484665	Low
6.66135706518907	7.65694387215753	5.8644968799939	6.96480076093104	6.08334513872668	8.4435019400321	6.03499237235083	8.54711577809516	2.16838976635249	8.21007927036633	6.13469650408328	7.95791748284814	Low
4.88941840296672	7.27406099552032	7.22684801722022	6.19985595678966	7.25487910604993	8.65166823367649	7.93286435520452	7.94497559943201	1.82411759630427	9.09771673049805	6.22096280990329	8.17666065182073	Low
5.61975328297987	8.44701491676729	8.31218368340725	7.36833552243313	8.12214757673576	8.93580130906543	9.46090367782316	9.53274418941857	1.7795362431814	9.7352837344698	8.88613640673756	8.86706337108388	Low
6.27783473819149	7.35682763737006	6.64015119645308	6.79947626289215	6.23844181775148	8.04428726846134	7.37663958105563	7.88156315257721	2.10209975225311	7.28225450620146	6.34133985630468	7.43761388730713	High
4.14871556247305	6.89759186591553	4.3329155576404	4.95618927354109	5.59494353337091	8.28561727382933	6.6861350243345	4.2357208261866	3.02971719756937	6.89366317962084	4.51977399441103	7.58804436168345	Low
7.17246032901027	9.62222963029685	9.15282259690284	8.23856068876163	9.46153711082527	9.60952002514625	10.0642190553082	10.7842609002683	2.07872055646822	11.0826270390003	10.0165790117236	10.3708627851081	Low
6.40919299752026	5.81523439494443	6.25094050190455	5.76847485421086	5.14484349039263	7.35816144117895	5.06978696915876	7.79323769344046	1.74946172153313	7.2365400195448	7.24554830853641	7.71534632831029	Low
4.43171336560488	6.72847305476773	5.8208656451706	5.56713789923538	4.97563159671592	8.23065164875452	7.16562309595838	7.48990542080176	2.51315564457654	6.81606809130552	6.38013711650721	7.64500762572127	Low
6.21838538322386	8.64269739429919	8.76784302067438	8.10663074965697	9.052477179659	8.45263757799195	9.36601235576843	10.8014546029315	2.4723570503143	10.8466755289682	9.45127464041781	9.41204985058504	Low
4.65436563689465	8.16027952691331	7.58899564154105	7.16337441596779	7.46107467150654	8.07793477912035	8.9315675499841	8.04385454383872	1.8469072411458	9.13416487246847	7.76310254186077	8.20723918330511	High
6.53513865417127	7.38833586652231	5.21428861862787	7.11332627961944	6.19903178812158	7.84216968765433	5.99924478917274	4.61302602736953	2.13685892307857	8.11102412534747	4.80872346723449	7.42754695307314	Low
6.74319147817039	8.94306200026158	8.22869326338401	6.36588796282244	8.20104676985435	9.02286168682094	8.97265117146087	8.7906621120491	1.701699400743	9.30347138784307	9.24046826291372	8.60938859062738	Low
4.33551259653685	7.00555574872086	2.80381774527178	6.84042883231076	6.16525793975617	7.79566059888045	7.17719552291148	7.81285313992095	2.29918288326227	8.21705343746982	7.25258178696894	7.20119124694584	Low
4.76892794949381	8.74952433171805	8.22551829603942	7.44361029266056	7.90640203928144	8.84220874939247	9.55865931999032	9.61451245942663	2.12767814102696	9.64808185990063	8.82592318533005	8.75842797064674	Low
5.37571565903488	7.79480652114261	5.5661437344549	6.74762005536423	6.69957329477492	8.70101442816451	6.8810121172569	8.24015455635827	1.6560622787387	7.65740007553483	6.6522818596753	7.84524118028927	Low
6.42161675987122	7.03911958731622	6.36253899183248	6.34149400239944	6.87586581874385	7.43848891286944	3.91898768250595	7.36817642699316	1.63223962093064	7.84719839004761	6.37356879876144	7.16337441596779	Low
6.80363823843532	12.0120245799787	8.35266228418487	8.92760810338673	8.63943272618132	9.93461461866446	10.2386764425911	9.42252813203544	2.38585623233839	9.88025449485237	10.5809336752061	9.25631037407476	Low
5.93561266747188	9.79147269418898	9.36976906621926	9.10160582559987	9.34893520732057	8.81818039013886	10.800683534998	10.2930303710062	1.83697342103609	10.3890643392242	11.154021308507	10.6531935970637	High
4.03586432979418	6.96792328821567	6.43636879326542	6.68948416653827	6.34949541899377	8.07266003181285	8.05499063787891	7.89852565164812	2.07587785010134	8.09020129778007	6.79184122882194	7.83506250990716	Low
6.64226023617576	7.04090336382994	5.58743340757449	6.72075195580575	5.75167940097735	7.01321086544462	5.77437447592534	7.76796587848727	1.63473703128326	8.45452602997161	3.56697868222302	7.26002370573763	Low
6.28002399181174	10.4416007446069	9.4927007239445	10.0681183739904	9.81521620809244	10.3143511353738	13.2449837143783	11.726120622714	2.42984151430621	12.5640312308761	12.6147814521736	12.2579611537306	Low
6.58748902007096	9.79992513658248	9.57376794563526	8.37335210441162	9.72714477451586	9.05479944588461	10.795208159442	10.4297762364842	2.67117215427154	11.140209604298	10.4793761894046	9.55222440596767	Low
6.37660880405195	6.64497663192374	5.4167145248347	4.85134531969032	6.81938932608401	8.45129885526254	7.95373611655194	5.6424280878103	1.7545339275113	8.20635462494663	7.05515528438324	6.67963406050572	Low
7.3161454160692	8.97403374380235	10.3239806502522	9.19115462260888	10.200376680659	9.45336154249211	10.7015391630781	10.8918592124428	1.68881071787945	10.9804397913371	10.1966073122156	10.0361866182209	High
6.19365789951014	9.04403624763218	8.90316090945441	8.10911360318748	9.54191728933224	8.96397636558673	10.0268164380113	10.5407235981239	1.908876264594	10.9177351728198	10.0361866182209	9.89926804247091	Low
4.64495876095082	8.48205779656741	8.92214679494185	7.8546959998729	8.41179242179182	9.13026672693871	6.1465979092138	8.68930533727917	2.09394960754415	9.10365771418026	8.25315859070647	8.00432347303088	Low
6.41672694454994	6.72753193340024	5.39659784571097	5.61199133377396	6.78541126519022	7.54097525577419	6.86042868612069	9.00129496540467	2.69687553170575	9.39163669238635	7.47518537108111	8.20605118473018	Low
5.00130353623046	7.77503696287269	7.85009294632326	5.42429060773329	8.0802799974253	8.68803470078943	7.86544102637571	9.47715270907049	1.80196426084349	9.88584975617773	7.26431233098228	8.59806501610553	Low
6.27704763277454	8.47860593746653	8.8770727460344	8.11999231080048	8.84965069161502	7.46107467150654	9.82173276871877	10.2090374233938	2.20804727649586	10.4392741755558	10.5122317257156	9.33341463730189	Low
6.94179841693039	9.71758192587765	9.88512993144261	8.64239861674969	9.93370138932056	9.25061709666597	11.0316332248532	11.5276444210616	2.7152258522449	11.8392984800409	11.3708099002973	10.2152818880417	Low
7.4498178385522	8.83318473727226	8.5415291526788	8.6852092992612	10.6867327698992	9.11804437825867	9.89835528685991	10.5048895084878	1.73805834778612	11.16634665303	8.89185550273448	9.98192044442063	Low
3.01148165134364	8.17356099466968	6.00726783737875	7.04445807457225	7.11751737530779	7.15968943375877	6.91628362234276	8.64716243973121	2.07279105380454	8.19263081466976	8.31056246950031	8.21752374143377	Low
3.7407298374707	6.35280192077581	6.35477508484962	3.60117642116237	7.24255474993881	7.51684647442777	7.54570444042075	8.47255280229127	1.76650454463557	8.64346225952558	6.9646476838642	8.19381163219749	Low
4.14553604226816	7.10074683000563	1.85997231213176	3.30309653814631	5.39615926143001	9.22943533934048	6.64669562340799	7.44027151579965	1.55614806482201	6.94660895066244	4.17329749069287	6.70919219756456	Low
4.52562744067018	8.16738831766193	7.21847067326364	7.03651149728168	7.84549628900418	9.42497232576207	7.90158352892032	5.04582946146487	2.5415043295151	7.66098628738404	6.45991461786293	6.8822732648703	Low
6.9524259562459	8.50580230699986	8.65719929786529	7.93489528465433	8.90615666128041	9.35579137358264	9.73897222363932	10.6419756624409	1.83651958354126	11.0461786084799	9.20036726199923	9.44343025730292	High
4.63206190605926	6.78626920951601	6.91964098523769	7.04798341910122	6.46658485334405	8.50846298062144	7.48491736790485	8.01350352334622	3.03799150760142	8.1477715494971	6.38013711650721	6.56435709795583	Low
4.23752738602746	8.40516567828579	8.31859361703378	7.66613389394854	8.42614400783393	8.79412420715098	8.83786093353598	9.06300059006314	2.71541722452583	9.49173408698823	9.55189764957156	8.77823084438572	Low
4.20163023069988	7.91847246193382	8.40501663722791	7.74665849941272	7.86664193033778	8.30850237091593	8.97232276552823	8.73831461757696	1.54772994806278	9.0251424792596	9.05755460339588	8.72308264289096	Low
6.0111661297259	6.62731768231917	4.54161238616389	6.96480076093104	5.52740635558863	9.36680535968306	7.18392811971588	8.09547179831116	1.80511672437358	7.83637459418114	6.85331210087544	7.30496363211194	Low
3.93777967615803	8.51787971614056	9.30600276126621	6.78480038981245	9.42609347936067	8.5976282366311	9.03208577508574	10.1540624416549	1.34196238218682	10.9600760093104	10.2780907022602	9.50704256172668	Low
4.73984423213601	9.37493887635485	8.10129892422752	7.3669592134361	8.4358687056407	9.57041681066329	8.99945799154913	9.15711493086487	3.94753809072207	9.19802898705468	9.18337067882389	8.36862958344038	Low
5.4621080489384	7.08139307518626	6.6342843281602	6.76240378437668	6.73030745969081	9.46528796935059	7.92100611859095	7.98690427725304	2.65715329497866	8.34769575102713	7.37014420141587	7.73184477375052	Low
4.11209199010493	7.23003331963848	6.62763885698231	7.01433966133633	6.14410302945287	8.31682823130873	7.32886709441391	7.57742942435849	1.89997725020358	8.11999231080048	6.6496884880266	7.76267441098551	Low
6.43745578456395	7.42414443218249	6.00834150539197	6.03367065228459	6.85649838485714	8.61248352061462	6.81938932608401	7.37335461156228	1.77767553733058	7.64665019052162	5.99222320229213	7.17623959616171	Low
5.77281240169537	7.77608859391068	5.93205031602679	7.02900690413804	6.9306517953501	9.45220796688466	6.56122144463677	9.72002418906057	1.97580205499749	9.55833516064029	8.0151229567118	8.46184906937074	Low
5.44742463078329	10.0810127036549	8.8256092386205	8.87572193368739	9.32798577978747	9.46330590313364	11.6449449320739	10.2978006626005	2.10104534651198	10.3622417339773	11.2175829684251	9.81093741665079	Low
6.4770973344185	8.65856179038192	9.47455846151894	8.87040319120555	9.85674314773039	9.31828297431084	10.318057194708	10.5132112165373	2.26518833746039	11.2837738229029	10.6240234178443	10.4214178456212	Low
6.17013994801298	7.52232571570134	7.08322444800151	6.90550342479121	6.88890600223339	8.21853844545234	7.89275210748759	6.94921342492758	2.19118819735674	7.50129547325235	8.28043894935286	7.68556796345198	Low
6.40042583126078	8.08142632293974	8.5111438498873	7.97191816464789	8.39726443481642	8.60763486841377	8.74864886271614	8.42511498144467	2.16306589754334	8.89890478346283	8.51590206693329	8.6917043811254	Low
5.83820043953546	7.49452563461688	6.43948897286342	6.90228988514191	7.00903369689887	8.0041759472359	8.287223533812	7.96681439054791	3.81669869750409	7.94192863263089	8.12996413169732	8.38855345315014	Low
6.18877794760594	8.15047184466487	6.12321872371762	5.78408887233553	6.33386979583829	8.67542361522134	7.40996892206554	7.86006108514682	1.85117183675463	8.50683406909023	4.97096790634789	7.88244815535721	Low
5.93129975901867	9.78374495210019	8.6954462336553	8.15739517160443	8.86589335026758	9.42782899956425	9.7352837344698	8.99263550298773	2.24469434250599	9.95138854360968	10.1113170532758	9.41461612959721	Low
3.67314248486223	7.70501722119846	7.06407392560539	7.19461508786022	6.75106405324806	9.55948910374807	6.19281174335845	7.02214882040072	1.98941227699904	8.93703938701865	7.37610777851208	8.65647000608183	High
4.7295580823288	9.81251532236113	9.01358033684017	8.15839966805222	9.49223296495136	9.13953060306066	10.1748891026731	8.97034466737594	2.31811946441026	10.0028025115521	9.93389414825181	9.28108648801159	Low
5.98574168804913	6.54449966827432	5.07478633241261	6.354293480875	6.17716645431599	8.43104663062357	7.66087022751471	7.98840921377004	2.20100075422773	7.24392212083349	6.24275135942756	7.03665125342915	Low
6.05888802012127	7.52290843003446	7.21033497213513	6.43030018823993	5.58948536532812	8.12937017314935	7.74420742724578	8.18978999060395	2.15953013068008	7.77076970568183	7.55245550058987	7.49858904666042	Low
5.90091266888789	7.83002439331819	8.12245601825281	7.4074975037024	8.85152330058507	8.43366240481265	8.49741660206	9.26297805837349	2.30267234568772	10.3184821456648	9.993520811907	9.12693994981299	Low
7.0606282930043	9.57804465936957	9.46809572417139	8.22069320763235	9.85925235608125	9.69993606732947	10.2563967308542	10.124360002322	2.78731047849975	11.3030423663024	11.4120712568365	10.6203180182152	Low
4.72630810635516	6.96505639960192	4.74284178143233	5.91736936964507	6.43996994496418	8.83557039200963	6.64560549106011	7.99067437198303	2.93599718449727	7.95862198472327	7.1034439123043	7.61453747253572	Low
6.70496287458317	9.24839119140541	9.4996229820715	8.41827996416787	9.54808387800836	9.2575058494549	9.56431399482004	10.683137064634	2.29613485540482	10.2053097058022	10.5998779257392	9.63028225785934	Low
6.40231638319019	8.00665244206943	4.49161929043968	6.03006530632845	6.62530152540597	8.52876149859162	7.20119124694584	7.88554048578933	2.12355097359141	5.91630164057007	7.28576348137478	7.54005149500462	Low
6.41601614989769	6.77914410448816	6.12410084509645	7.23479609873184	7.4366272913806	8.22929269171173	6.81622266756509	8.68463431734418	1.15306193987141	8.3389077505885	5.47552002354802	6.89039926989935	Low
6.07229244377742	7.36351219350706	5.50296217733071	7.33024506886389	6.92644862151533	7.6056691359686	5.60189551883429	7.27419976117858	3.70911326570589	8.42789329491996	5.37294166392895	7.29281724631861	Low
5.37193943159203	8.3950767899838	2.51709236933805	6.87888379448089	6.94660895066244	9.02667985446381	7.00529984453025	8.01121979742478	2.07279105380454	8.78617529987465	7.15625609715619	8.42864247505814	Low
5.89662963743981	7.54387954717659	7.12543967104493	5.74963939646034	6.09619216044952	7.46042923372873	7.03227665948408	8.22741019455238	1.93524859222516	8.79944674341784	5.67792099231904	7.96854704373073	Low
3.19581811036395	8.48355551559714	6.92615360816583	5.58055206341115	6.76917616861192	8.48205779656741	7.3894268724105	8.72929565574597	2.0667582243925	8.99263550298773	6.97290338098856	8.48384307397152	Low
4.2354193188829	7.90566211071373	7.92213302834801	6.0178837174207	7.21272837908399	5.66050908000186	7.62536607211071	8.39032450407074	3.19918514280284	9.2736610432644	8.85988639577719	8.51410738507486	Low
4.73596748513156	6.46020606551477	2.5553969882049	6.94568847871822	6.22919994504075	8.12924243345644	7.02483489952734	8.02738139517954	1.73519714760469	8.07382879028028	6.94555748765796	7.91080548132214	Low
5.46441930784923	8.07838148349969	7.36064606632837	7.46678924435636	7.87513611741598	8.6126430549344	8.00492502009734	8.77657400470805	2.01076841132186	9.70830789121141	7.00591714563325	8.84783968603002	Low
6.82376937916581	8.43959893683952	8.0595954544337	7.95910093811527	7.83679537331348	8.99685636802054	8.81894816602883	9.79324803703536	2.13557309455187	9.81075982043442	7.42614196886002	8.24045174133168	Low
5.09065505746316	7.09994754873367	5.90804108582511	6.57940554837071	7.0820498841131	8.65587427084616	7.26259196806972	8.14184589912626	3.21665026107657	8.36606996016864	6.35737794316723	8.58641986621746	Low
6.63170668760913	8.18732171424301	7.32818133334464	6.19457942655864	7.05948115409696	8.40142251396739	7.51505873482662	8.84619704168629	2.0248608386736	8.70667277032173	8.71845538129495	8.9315675499841	Low
6.50977595397857	7.59341971525574	6.97667085179498	4.93524911428517	6.2000768407595	8.87738391721533	7.22807754707253	8.49460437187176	1.94831730074471	8.90271310069953	4.60108480969149	7.57859362691688	Low
5.34975124232176	7.92290339764395	6.28649966309388	6.8589245255213	5.6006842140063	8.75724922834317	7.38418645963063	8.22974950134963	4.42957839876405	8.62521609053034	6.62364274220547	8.4501033454427	Low
6.96213962628223	7.91830618018459	7.65209819534148	7.36436654694308	7.14272525270771	8.73622042604676	8.01958329807785	9.33099759411204	2.30163061024557	9.71758192587765	7.06881459507318	8.83334600352011	Low
6.64023700047103	7.48631311875136	6.86776122887758	5.91406573312746	7.31214248225355	7.82145637152512	7.58573147201991	7.96294025168754	2.19431284525837	8.79124182064486	6.89819300056218	8.02400784926697	Low
5.69740432102674	8.54346681970918	6.97353349325167	7.4522580672494	6.96248785700701	8.3848640457741	8.41342812185481	9.01238930308029	2.34321028591473	9.33877618237335	7.63117601621095	8.1074548895816	Low
5.98332977107241	7.0610728943391	6.11571263650582	7.38615432610129	6.4143816853175	8.86706337108388	7.32587984340265	9.06467149350455	3.23396708999377	9.90294912524683	7.40690855954579	8.58312638480998	Low
4.8827783037188	8.72764873608596	7.41766306791641	7.47430937391202	7.68335854885055	9.47520035572734	8.37615507138813	8.85197805930741	2.91842084856794	9.76224988262788	7.28375859390668	8.85390650601157	Low
