gene	p_raw	p_adj_BH
PDCD1	0.1359976304262234	0.2039964456393351
CD274	0.007145227120226296	0.017148545088543108
CTLA4	0.005908684259182418	0.017148545088543108
LAG3	0.0025368280438560673	0.01014731217542427
TIGIT	0.03238689904932267	0.055520398370267426
HAVCR2	0.24391657916341392	0.29269989499609667
IDO1	0.00019685042432433453	0.0011811025459460072
CD8A	0.7882478229763776	0.7882478229763776
CD8B	0.5310346030366979	0.5793104760400342
GZMA	0.16177412416968573	0.21569883222624764
GZMB	7.514456642530045e-05	0.0009017347971036054
PRF1	0.012774120190259431	0.025548240380518863
