threshold	NB_model	NB_all	NB_none	n	prev
0.05	0.16876198593650116	0.1682647915334896	0.0	1482	0.20985155195681512
0.07500000000000001	0.15021701863807127	0.14578546157493527	0.0	1482	0.20985155195681512
0.1	0.12902983955615532	0.1220572799520168	0.0	1482	0.20985155195681512
0.125	0.11258916522074415	0.09697320223636015	0.0	1482	0.20985155195681512
0.15000000000000002	0.10089703897753433	0.07041359053742954	0.0	1482	0.20985155195681512
0.175	0.09062282746493275	0.042244305402200144	0.0	1482	0.20985155195681512
0.2	0.08636977058029689	0.012314439946018912	0.0	1482	0.20985155195681512
0.22500000000000003	0.08317008401898043	-0.019546384571851483	0.0	1482	0.20985155195681512
0.25	0.07939721097615834	-0.053531264057579825	0.0	1482	0.20985155195681512
0.275	0.07138535995160314	-0.08985992833542741	0.0	1482	0.20985155195681512
0.3	0.06612685560053982	-0.12878349720454982	0.0	1482	0.20985155195681512
0.325	0.0628779927025541	-0.17059029339731088	0.0	1482	0.20985155195681512
0.35000000000000003	0.052631578947368425	-0.21561299698951533	0.0	1482	0.20985155195681512
0.375	0.046018893387314436	-0.2642375168690957	0.0	1482	0.20985155195681512
0.4	0.04903283850652272	-0.31691408007197475	0.0	1482	0.20985155195681512
0.425	0.0432435604060318	-0.37417121398814757	0.0	1482	0.20985155195681512
0.45	0.03974972396025027	-0.4366335418966998	0.0	1482	0.20985155195681512
0.47500000000000003	0.03309555941134888	-0.5050446629393999	0.0	1482	0.20985155195681512
0.5	0.027665317139001347	-0.5802968960863697	0.0	1482	0.20985155195681512
