	FBP1	GRK6	IKBKB	RAP1B	TNFRSF19	ALDH2	CXCL14	DLG1	IDNK	TNFRSF12A	PRPS2	TKT	UQCRHL	PLCG1
GSM1045290	1.744548052212086	-2.5769943476624113	0.7637020171023605	1.9379007135708417	1.174158441170805	1.0355354453557992	0.13944523099366105	0.037772068145505	0.061364932430821625	-0.9492999135418109	0.7549788451648451	-0.17235837575043003	-1.1936490751168871	-0.6941379197508931
GSM1045251	0.27887666174817277	-1.714484649367241	1.8267713465701663	0.7741233306138486	0.6393298661053999	0.7592094121544685	0.8560180602009492	1.7587159737028284	1.2149618617434506	-1.0742742221435073	-0.8251021606730513	-1.9928879890218372	-1.1296659135377063	-0.48993439847102827
GSM1045308	0.08062943780709875	-1.5208683488646044	1.484614447980382	0.6430411301088964	2.2566834184089277	-0.07302944638958062	1.322261442126923	1.9303620077589294	1.0590137839641527	-0.5292273371977918	0.6524668804382335	-1.2674633197078569	-0.691574630124838	-0.4047860555169337
GSM1045267	0.7364045385298423	-1.2287576047260385	1.2506945135262386	0.6099371684832031	1.9382234695654863	1.1432655141850159	0.32071443128351046	-0.1199722418370679	0.8028420918750908	-1.4505894945121847	0.09550569659765624	-1.4996891503729568	-0.3535065890227316	0.22916477451561848
GSM1045247	1.257618250021135	-1.5666016263652243	1.7014265805855007	0.842061635218972	-0.6787799558787666	-1.1597476807397074	-0.054129226143668156	0.16998369113386322	2.702146737505108	-2.0192515525956485	0.13840120177925144	-1.0140137426675955	-0.43934762682413137	-1.1891839700427398
GSM1045298	1.2415290990210452	-0.24438808173519708	-0.053417694635232056	1.832100321568598	0.589975843085008	1.879888268674696	0.9938884155817386	0.14526715509282462	0.5177624951013757	1.6502857239855961	0.6997430864379414	-0.17235836827191867	0.39621315149226455	-0.537950720946212
GSM1045208	0.6488675452585222	0.21348000555873295	-0.4356500218927223	0.15416490709433397	-0.06175093861252746	-0.013296289077324426	1.8781160490154076	1.186747942116897	-0.31076596038745435	-0.27994805703665315	1.3178428602525742	-0.3598552176864299	-1.3523856315472083	-0.6088653522209772
GSM1045272	1.759929930284993	-0.8020063297848513	1.1883286022497943	1.2484367584490512	0.05319123250599927	0.9531166089476987	0.323553483031904	0.2820558862504319	0.6084316065285383	0.6972268826760395	0.4523771621067368	0.7568692738951479	0.03862121010399901	-0.8898177585177518
GSM1045292	1.1706895022279311	-0.1074501364814636	1.0262776310959807	-0.4554523685357608	1.0491447730039851	1.5399721579405847	0.6931419743620033	-0.32875199580890385	1.2476025676167906	-0.22366326186784322	-0.6273417572264884	0.13603961019361613	-0.5806006143704706	-1.0708462898100277
GSM1045295	0.36501761228269997	-0.70883955793026	0.4892004811762392	0.9743737083363176	-0.32122948393719897	0.7953106102606292	0.21406505260251454	0.672731900652805	-0.3691077580803183	-0.5378450589377395	0.6625430744350801	-0.8048121985107864	0.002946151488783266	-0.82024513503504
GSM1045289	0.08593286353812864	-1.783216018177031	0.7418097630677962	0.9470562524701601	1.1402554828140994	0.4320630734469997	1.2241408325167011	1.116928512019614	0.2262510257244751	-1.5610898477000081	0.7786149217563733	0.005977131350225947	-0.059921818973940284	-0.11958226974179215
GSM1045230	0.5879806115816281	-0.8311858299127776	1.1527543857600049	1.1371259884949856	1.8602573845166082	-0.18016749741870855	-0.347576629232392	1.0468083742649448	1.1596128416918665	0.7962350116110837	0.4263154834030308	-0.9687125495782991	0.8063771334053176	-1.038549572413829
GSM1045252	1.9647456577710094	0.9375488937391021	-0.41516495455579283	1.3779194897813205	0.1082437747407336	0.9063670037958572	0.95440508973935	-1.8166282509912666	0.8624623727080214	0.5795432057002684	0.2920536715907165	0.8190733371187304	0.10655247628368739	-0.9511716292843468
GSM1045245	0.12644172932133052	-1.8965291766338055	-1.003804366266526	0.019469895318916648	0.3290438353641209	-0.5462659095995293	-1.8593001391156472	-0.4773844274321864	0.6116261304352906	0.20841571507330584	0.703642638207082	-1.0104799209218105	-1.1394205260607266	-1.0708462898100277
GSM1045306	-0.07283133919651127	-0.40989233110648016	-1.9674889529613997	1.9301110682787792	0.2741807603045697	1.3837338110762702	-1.1173560462291048	0.2764859560690471	-0.7880165569885292	0.4608443116297571	1.113102100620265	-0.6522077020175661	1.1082923728590435	-0.9837760154625526
GSM1045281	0.2645785516825349	-0.38881388523266097	0.47539296410327614	0.5344964060471781	0.806543747983719	1.540247648268674	-0.12196534459825747	0.03888539499096741	1.6992021543703455	-0.00841346602037451	0.6603073886753345	-0.8319584307376954	0.42843568606371935	0.5601160448961721
GSM1045223	0.7728289140927604	-1.2205651803401107	0.08809684184763712	0.5287978042588368	-0.15210094027529034	1.3895432532110088	0.9547207089085756	0.6793779859419596	0.24909765054316296	-0.49039810734469946	0.4072573182375849	0.764722545622976	0.3745525405968012	-0.7806928099054269
GSM1045215	0.24919867598422435	-0.5570432285297857	0.6153894936971781	1.3040488905336254	1.4354296957591848	0.15110402856035368	0.07314426831600845	0.37483935526355483	-0.3160426781955049	0.27189896668965047	0.5155072711624332	-1.0341270979309796	-0.6202425817766486	0.6455733086106198
GSM1045234	-1.2969629483954868	-0.8116254646711123	-1.6030520326070354	0.15547340251741903	1.2463464764432743	0.8319349144954202	-0.2551536949120524	1.838639850359677	-1.429152000018932	1.7418606872318796	1.6882409123449362	-2.182105883068726	-0.6097219533307022	0.06590536246615414
GSM1045310	1.2140447020632559	-0.32937248157366955	1.1777302343602791	0.41628209135368394	0.36450285066866817	-0.4024882853999427	0.18682504593123395	-0.6095111494516205	1.5008992985485348	0.059157203151752824	1.3005888296814512	-0.1440940271101543	-0.298632884891104	0.3203564531021651
GSM1045286	0.5541159145078832	-1.1497075908392087	0.6279160117463563	0.9008157015944254	-0.18914365879147402	0.5581401561581154	0.38600194958517503	1.0135021714768029	0.37221619593714245	-0.5356703699589093	0.2089163388799041	-0.324432271907029	-0.39319204383952094	0.3392248680895239
GSM1045288	-1.0541013961835854	0.577394397443883	-0.5411274853566247	-0.7857216233036521	-0.6225628958369788	-0.14015793889569256	-0.5272293255465096	-1.3240875428494658	-0.6824712038444803	-0.7182413396207419	-2.052997030902934	-3.5055361902047566	-3.2102181848643467	-0.918525641568167
GSM1045280	0.06557067348583319	-1.1402538938854296	-0.15924557098361994	0.34771835425798564	-0.10462654827784333	0.28003134692498244	1.265073187027579	-0.1319199907667667	-0.6515124627035038	-2.433800544861584	0.26570072964927355	-0.544876790088726	-0.045964329007346344	-0.4904317788839092
GSM1045309	0.7409078201839854	-0.8002965992630031	0.5138859057610342	0.1344723370458057	0.661344048822038	0.7546183374218484	0.7820924881865564	0.7218969096035481	-0.6915848781747346	-0.5714760655552464	-0.8951317752255267	-1.2193486222064296	-1.1448163952693882	0.5066776317016385
GSM1045307	0.6868508830646715	-0.8409297707129773	0.5194924393562352	0.14625746181211885	1.2929534212217355	0.8516621237955906	1.027547412173535	0.012511858088960371	-0.7335291131228041	-0.5885040872498504	0.8683111838938371	0.03625970995588545	-0.36066984253699486	0.5749101607647416
GSM1045220	-0.07041587873012244	-1.780691180293686	1.0342695754541948	0.8612974485711175	0.4273480985464807	0.8291327378018937	0.0005208790643464319	1.681603108454279	3.303477086067303	0.6714181354622366	0.9581013205040921	0.16719287547991257	1.5380839186271362	0.2313856454942127
GSM1045256	-0.34815593161097974	-0.07214506080415985	0.22255990685184937	0.8869480566679339	1.1218222874800783	0.5349588560702552	-0.4196994958678833	1.2564767865795075	-0.6064799934331037	0.3147938121801349	1.2022396115849563	0.6146919901340898	0.00040615410244090004	-0.6613088705030169
GSM1045265	0.8945230575302151	-0.08360600677198864	-0.2809420318607899	1.1715023975051901	0.43177693769071807	0.6794857000015	0.25404295352336814	0.6426810528449983	0.3767091951782395	-0.16362418955034777	0.049467431130140814	0.22537463025175095	0.4325690917704045	-0.2900351395719465
GSM1045232	0.4118742450751174	0.15782814058221187	-0.7201225852382473	0.3748341734866727	-1.128531597547718	0.7045875844296844	-0.8319185678443642	0.09227645789998247	0.21577795510747289	-0.19884065427533057	1.0800628571960889	0.7058623371522166	-0.19161089309037793	-1.0708462898100277
GSM1045274	-0.20828759952697723	-1.121480235846211	-0.44502197144177486	1.3624453987326313	-1.5164996986950925	1.168864359921891	-1.4367803794164709	2.5613974246088524	1.2499855134467532	-0.24237668651419858	1.6299849164643836	0.527099400043958	-0.9819175923283973	1.6696599583798042
GSM1045236	0.7833147280255691	-0.35350667653047535	0.5956509754686851	0.35653996868232973	1.8501733042678126	0.6479299600060995	1.5626848341347122	-0.6531289992854711	0.4329258939634042	-0.21103905281098384	-0.5375693233112189	0.06213585388443144	-0.5534882222085138	0.7051247102208471
GSM1045301	-0.11878799470102118	0.78112716740387	0.16262013778554354	-0.4710229665958019	-0.6385768015052978	0.2625700576008645	0.32872603063149397	-1.0221592555985919	-0.8498061847579114	-2.2334663248458235	-2.170473432176639	-2.025121818982384	-1.5337865930855712	-1.0708462898100277
GSM1045266	-1.6324667160707136	0.886694772365273	0.4211591247908139	2.152027097373731	-1.4280747525008208	0.41847672607754016	0.9834217503434229	0.4666526239220503	2.2180584555620593	-2.6668370939104578	1.9959498274878185	0.5690219344598314	-0.1533387075346766	1.572106726218299
GSM1045240	-0.14850699091462854	0.1557879712549594	1.5973095012007223	-0.11629287775926876	0.8386117724060934	-0.3836857044202402	1.4595854755790447	-0.21762398443074846	0.1758568891398534	-0.9590215225851112	-0.26188798874214675	-0.21836843550508678	-0.4884688613150056	-0.6294221496496359
GSM1045271	0.2641997184491469	-0.20930758932901727	0.6973190872518819	1.0589385869921304	-0.700139908207218	0.6522009884656225	0.35576362858667526	0.031622141850637144	1.6162187320451218	0.10535158792676844	0.42430338159166187	-0.3714333796308021	0.5103958083390845	0.5177841997789573
GSM1045226	0.5030160243094702	-0.7601894442360418	0.7592887525625572	0.2754556888026901	0.16145530361767826	0.5927835482712582	0.5502131618116752	-0.6063580626520877	-0.9314549151152459	0.42429913422648946	-0.6384402169587625	-0.31941701060265226	-0.5912459726220561	-0.2918165405391617
GSM1045279	0.3248715318634181	-0.9110650459688077	0.13784392497273593	0.21253590538472597	1.5659575320315378	1.0110559031105775	0.3024991029451636	0.6627995259372028	-0.7952982467357059	-0.5699077536708386	-0.1897216266329421	0.44115173723558704	-0.12979034741832896	0.16574524343365618
GSM1045311	0.2717405349974822	-1.2585510747937236	1.7376595835648796	0.04895271528031158	2.205012106179441	0.4702188680162448	1.3974061970442684	0.12421411431173768	-0.29818024511618846	1.0138412805524655	-0.1537225748646493	1.510798795412835	-0.27127629251868507	-0.4299085362392206
GSM1045233	-0.27418601860011876	0.26550583423579777	0.5964162686612383	0.2292522877363168	-0.5777442314108677	0.2043510236370061	0.1497889425372261	-0.09157791606784457	-0.48633479743397384	0.25140204613174766	0.17631916399086128	-0.6035813312218292	-0.13067189263148826	-0.918525641568167
GSM1045299	0.624899615909708	0.1908528921439008	-0.3547774370530795	-1.1509156347665308	0.9554532652983675	0.4685449425369633	0.18931424900517554	-0.4769429477940297	-0.22852891817696877	0.36411702713618926	0.03485044445825559	0.2556430253276241	-1.08892391473397	-0.5744473089306946
GSM1045259	0.15442113840945862	0.09190396319775862	-0.4266003804389441	-1.2624388395506783	1.1736700020057036	-0.6724132668503788	0.8476712823560104	-0.06587369005457741	-0.0411442251647009	-1.6425694421214936	0.1846081269270874	-0.688291555841344	-0.08315135082271242	-1.0708462898100277
GSM1045231	0.7897474860785328	-0.19489659299377068	0.431883786468172	0.7948758544929801	0.7275373809677458	2.011929990615006	0.0344859038949353	-0.4985568299931598	-0.35440946864827233	0.5877333203023518	0.8398993133619528	0.023423308879229207	0.17577420838053479	1.9620177322260115
GSM1045300	0.9214426704302157	1.0851953920155228	1.2307352074548383	-0.677022626164574	1.0826066440997857	-1.77312098996658	1.181370315672698	0.007024036945982549	-0.2864749387288419	-0.8768225514704646	-0.40982787757596145	-0.2350401523510759	-1.7844396794603308	-0.30260737956474026
GSM1045303	0.5618083116152388	-0.8568831981414063	0.33212455291144005	-0.21372471103447702	0.07600229020707279	-0.052989614802561376	0.616873743283848	0.44144567655541106	-0.9581450438420317	-1.665553879078551	-0.9156826128188547	-1.6877776140880953	-0.35233295922862845	0.4160930646841988
GSM1045273	0.2705188865231294	-0.062218469765873516	-0.21946106863815643	0.4949137385821194	0.44846816081566404	-1.6180288468924109	-0.43092584997622185	0.6258475083156267	0.4115513759996796	-0.3065594093340057	0.6755083576196822	0.513484610997793	-0.2477061022238704	-0.9511716292843468
GSM1045258	-0.3317797074632781	0.543293075263905	1.3958483807752684	0.5126565406646639	-0.1458038941532926	0.3617780607514439	0.8241716407787625	-0.6477370236230486	-0.10150178151468393	-0.4394692136823976	0.5221852949631302	-0.6564820929040743	0.5357170171776887	0.14267899929081423
GSM1045269	0.9466943742644814	0.8242031924956514	0.24800030254948865	0.2144358322045161	-0.6794746971446795	1.3328128277169313	0.7055530613869108	1.0167652776194858	1.2159812533866918	0.13137702212250865	0.14841796769973734	-0.3966985463260679	0.9163629212616687	0.7216953848684196
GSM1045268	0.9531853835064584	-0.48633827445600514	0.7015667586421127	1.0368635886235238	0.9201022055457306	-0.1298346394535454	-0.0010036250574268152	-0.5227404619221595	-0.6806820878056595	0.7568153985113067	0.30259180524256785	1.380009614724341	0.1935802694744279	-0.437288543313183
GSM1045262	1.0553628148363186	0.5136108956604716	1.0772456490984097	-0.3110318806231005	1.0627527308321967	-0.8341215941534079	-0.8703732454597912	-0.3965212866669069	1.4230691198378485	-0.042366251795565704	0.6128869793666689	0.6800638799931819	0.8784029324555306	-1.0708462898100277
GSM1045291	-0.04445272505269211	0.052401085842972456	0.39943242672057755	-0.9271300041139344	-0.6794746971446795	-0.9643701317474561	-0.4489463567213347	1.1182107065592501	-0.9783116207628406	-0.09125876214105298	0.43724378795444097	-1.0576787957252418	-0.4795311097890317	-1.0708462898100277
GSM1045253	1.5003887436467198	0.7341508576747825	0.23809782839577828	-0.8033410396418649	-0.6385768015052978	1.3312547077031684	0.14317359778346997	-1.1150491383863135	1.2107328277726008	0.22831314144284243	-0.3545896999863699	0.9435386837882409	0.11956906952357475	-0.3834823829485709
GSM1045255	-0.7098960244451538	-0.29774637431903594	-0.12238513774536722	0.09156994052478236	0.5851681231929614	-0.7071477155530539	-1.0456330989160971	1.5468293284909933	0.29154779775757467	-0.7439239532916276	0.6839279849528725	0.5362154631803893	-0.4882045512266041	-0.42651519582622566
GSM1045214	-1.7231790952959387	1.6446763835406746	0.13905619840896122	1.220119291794332	-1.128531597547718	0.22378002037009276	0.9758130273364407	0.8323849316636817	2.368737727818841	-2.9653092171852005	1.666021676428794	-0.06453635109000813	-0.18223469399781864	2.1938804758781925
GSM1045237	-0.08638599511023767	-0.10925315816434948	-0.19412483153133267	1.1333219430929473	0.5412536296939398	0.38094337066313144	0.0779892038957465	-0.15949801797591423	-0.41774819187706	0.6406487960245996	-0.5097450755623087	0.7426290185353361	0.6552641483212078	-0.9158214451778772
GSM1045228	-0.024269108852216198	-0.15793168273333616	0.6335609921635346	-0.25296392802261647	0.6925253410162083	-0.048779726733631304	-0.5351436214168859	-0.2797148864371726	-0.48805915791810844	-0.05495349822808915	-0.09519153413924027	-0.33252810378874126	-0.16169751264870136	-0.03481522274389135
GSM1045285	-1.1425198112266535	0.541308181628388	0.965032940196252	0.18501193321099457	-0.9935936629254855	0.3900470120000011	-0.6676930286274727	-1.229544415976397	-0.3126456338103965	-0.598571844435817	0.25853165738008294	-0.15319017069906546	0.4260509165938348	-1.0708462898100277
GSM1045249	0.8166482231893748	-0.5419053411663336	0.7255607725804609	0.18055686990770983	-0.46851645852002544	-2.124950738873752	-0.6039795642770439	-0.6056656008810973	1.2474571225499111	0.5284842231337676	-0.6322931477707165	-0.03904998927766726	-0.2756120683320551	-1.0205307173894
GSM1045304	0.05014288836872492	-0.6471519367733708	1.1905162999745718	0.3680888614881357	1.0275813550434196	-1.0172259603263323	0.29144106672489334	0.1497070878494379	-0.7924548253340933	0.18253188033678727	-0.07187883383454026	-0.7541367008167431	-0.0520981166605439	0.4773423854660866
GSM1045277	0.12908852313576577	-0.8235962311739187	0.5550331673589722	0.7223179983582788	0.1921640758620077	0.07595736554913807	1.3471597406081328	1.534497979828892	-0.9193205866182087	1.5193506991300543	0.852721802204753	0.006946116644316681	0.5424770423272474	0.9696806325852615
GSM1045297	0.587644440957446	-0.7878788587758585	0.6666023203035281	-0.05592932840102506	1.6064304837137462	-2.0175179219135213	-1.559596225918264	-0.023129644269048337	0.9884168441019396	-0.724221776588283	-0.49236683598492276	0.775435973781257	-0.014283208059362574	-1.0708462898100277
GSM1045283	-0.5984823384595988	-0.6679558482603926	1.3651924570495886	0.4899632083972085	0.2168164670472593	-0.22414597416620968	0.408254069029175	1.728023352693604	0.3248440759881354	0.022654421117221327	-0.2289372251975865	-0.4132874910152468	0.6789026237807795	0.2357470288220431
GSM1045254	1.8456029523428106	1.019325563930788	-0.9522475099403498	-0.5871662122747247	-0.14747181442842305	-0.008749485387850536	0.005532296227938544	0.30038627815396557	0.15049587245731746	-0.16180194429652145	-1.0741220495580504	0.00760323628882704	-0.19489790406539098	-0.14538749900173303
GSM1045210	0.28992321114586017	1.524957349156028	-1.166119465119233	-0.9605793415190523	-1.128531597547718	-0.20286136725515164	1.7969482669149826	0.06223887851244492	-0.6915848781747346	0.22798860384342262	0.5477181803527889	-0.0973252371856359	-1.1119051105499078	0.20247499618913903
GSM1045278	0.1826501930826364	-1.162150659000279	-0.8727696311605383	-0.500010107151254	-0.6385768015052978	0.575947432107442	-0.0014279429964083456	-0.7245646925393284	-0.006331104673081656	-0.2551787952656445	-0.571767929861613	0.909384490858859	-0.27555111334265137	-0.2993973974821581
GSM1045263	0.23160046170199194	0.1904740442734869	0.5764716716214437	-0.7628390716910457	-0.059309436642354205	0.10490029537589499	1.2323094647011852	-0.5995513936560144	0.378446972516447	1.1593191971185113	0.4958133217846944	1.4124002145687002	-0.9600759535899175	0.4404564804270791
GSM1045284	1.0502917725638046	-0.2585408528296389	1.0582725029677449	0.44253549949982013	-0.41913600273819596	1.4551419896005944	-0.6207829363346384	0.17505825615806977	0.7378115068722939	0.16378181889877777	-1.2317870369127917	0.6532249205419031	0.16275064002066558	1.2359450217752392
GSM1045235	0.7926654923089247	0.7617790025632253	0.5835928699683887	0.75810316393307	-0.07481516474805035	0.010968383040193801	0.16735820264712378	1.2765693204591129	-1.5879471089522301	0.5825444150565566	0.9469915147176673	1.3250333387528408	0.08686638555982644	0.6488479837740194
GSM1045305	1.2359835340699779	1.6352700763302803	-0.7260173534542844	-0.5729464271436077	-0.6794746971446795	-0.26234259088746065	-0.9430258056153783	-0.7363407476427346	0.8342872854354506	0.6128230174805682	-0.2583941146555906	0.2134344987725968	-1.048247104095903	0.5473877189099253
GSM1045222	-0.6891155049220572	0.004820604439541017	-0.11103316643443947	-0.776038618472739	-0.17930415361441632	-0.09997503826201491	0.04851755393034574	-0.32267733823267697	1.3348064407238542	0.23724666104231748	0.4443467874011578	-0.0939633549485096	1.129266879341644	-0.35954970651368634
GSM1045216	-1.066459707863328	0.47051322958651065	0.05256948964944653	0.619745529102908	-0.638473198927789	1.048148727329668	0.7438358517346505	0.3814579424672358	-0.11465708532747472	1.726068854107488	1.255186249676363	1.44050496965318	1.4336180505985245	-0.15758777035233706
GSM1045293	-1.5211646444235147	-0.7429256425587758	-2.787622681137389	-0.8081068218813412	-0.6794746971446795	-1.3017242425679347	-0.40105791317387013	0.8478031600302895	-0.9278614066141195	0.06281701604435083	0.24629963674164082	-2.2380001547797677	0.7899631069707912	-0.7375329325251384
GSM1045241	0.6601397924826936	0.4747057517007079	-0.22674005758202215	-0.12328861890176283	-1.128531597547718	-0.1295021409394404	0.285537924419297	-0.46173249774058006	-0.3649540378860365	-1.6499549652980108	-0.5881439163309825	-0.03857519251979069	0.0064778986933305615	1.206633291941606
GSM1045244	0.4487912047889223	-0.3285918293159144	0.6635921185270454	-1.227650668876652	1.7732157305031868	0.4783729833161095	1.7781846190730821	-1.6116045274051842	-0.21879465570252682	0.022634975917742068	-1.7758949657282002	-0.766137744765833	0.08064042095158969	1.524495335122035
GSM1045260	1.3788766548244027	0.5359141610118555	-0.374583510894365	-1.138779254847504	-0.5821218704339283	-1.1743853167312641	-0.49556216587685614	-1.0946874757255587	0.72078421492348	-0.19454708526926728	-0.22134169807047163	1.866505895818693	0.3237060348030604	-1.1378882160917168
GSM1045219	-0.964976834782968	-0.33706893629210577	-0.9111735957837805	0.5228952770020876	-0.8522054019441146	-1.3811242190062805	0.3887312570312475	0.8024359092159752	-0.46454005081460426	0.5342152966383568	0.939486825250468	0.5550472655884554	1.1518955658796086	-0.5598298229505533
GSM1045296	-1.9185749271171493	-0.17857050186985404	-0.7727345365998272	0.4937643735355177	0.848855929249702	-0.6234212329709913	1.1784027249665436	1.1060918704316196	-1.4847702042891644	-0.009731744628825098	0.3203806101118681	0.16613897703822356	0.9047324412738746	0.18635537724906712
GSM1045248	0.290290853538042	-0.10922032642467654	-1.0390794174875007	-0.15593392789048213	-1.9110313712837235	-0.7556483688926751	-2.5993003680407227	0.03632478608840571	-0.566115476069486	2.7876825668318648	0.6589184524722913	1.6403862648949696	0.9913861779071288	-2.192352696687109
GSM1045243	-0.5772215500577361	0.0030652004679835934	-0.3954347957516633	-1.6913551933541433	-1.119668907420066	0.05931669506945808	0.2112630685673459	-0.9954681046488624	0.8304714696651061	0.2784164138609075	-1.196128031833905	0.1136933863649707	-0.3391216582059771	-0.21519897162884874
GSM1045211	-0.31579939528044115	0.05324955057722899	-0.9128577109740013	-1.3453316482114104	0.03508945434359536	-0.8401484254294079	0.796531908387713	-1.5111250380208638	-1.1246541948414719	0.19990004247932988	-2.9789352583053343	-1.0334720455605073	-0.9097454990129341	-0.7758579452411247
GSM1045294	-2.244378269387253	-1.1645990375976154	1.9228264019220962	-0.7423707613308652	0.7541699384959624	-0.9236287294994784	1.0083083781258062	1.241843063686723	-1.1246541948414719	-1.3886339222075619	1.2643759315159653	0.6941265858929261	0.5209534828040505	0.9459271653251179
GSM1045264	-0.7108871827609767	3.413114300192656	-2.0079893536497573	0.012599498779725635	-1.9110313712837235	0.24063941504566846	-1.9764047978709203	0.15968383463933594	0.663126616018127	0.9419898100660204	0.5859657696159181	1.2615942934970021	1.9974164604756712	-2.4061711901921234
GSM1045209	-0.3850948564918943	0.9655152602875179	0.2967377654723806	-1.6130350941863578	-0.5083902184739639	0.9001910921706532	-0.5163793623825136	-0.6506602054750557	0.35706169335823323	0.34514969386720185	-1.41238642503539	-0.4189340176841691	0.13411979974405105	0.3218027577713906
GSM1045275	-1.6887681515014636	0.29044628791310334	-0.028329571084304974	0.05976676891760598	0.12244454931520807	0.6340078501545021	-0.6643264496058512	1.0084994046089908	-1.58371558826307	0.6084540516169638	0.7791651163041887	1.7300164083538674	1.8393075903966827	-1.1360787925044908
GSM1045246	0.7168208834838484	0.19156002546648782	-0.04923034133946586	0.05252291542581765	0.6788954269846356	-0.7849006126867718	-0.13841952202356775	-0.39282871464768576	1.223060607397049	1.0759989714061573	-0.2601446168744306	1.9155684838721467	0.36603039855983693	0.8410474116290536
GSM1045302	-1.6084561289248076	0.9168646465451189	-1.8992509519332987	-3.255232292782804	-1.3133465091914673	0.7846272121546125	-1.66440755912894	-1.4835361653047134	-1.2070848170122799	-1.4829720892970235	-1.2433919002086473	0.006485145516068737	-3.658004084460325	0.6400519033154068
GSM1045229	-0.6548936858092878	0.5466080340607198	-0.9100981821865886	-0.16551839973813035	-0.24911676993702725	-0.1799687870148182	0.8364249708073189	-0.6477370236230486	-0.18985022202528423	0.7657853701264346	-0.497444270043227	-0.3211706615418318	0.886711170813033	0.6334471661294977
GSM1045213	-0.39373351434570136	0.7422310419720406	-0.6130703965039753	-1.3417899095457433	-0.27381743618164217	-0.15440944716831181	0.5344693150819261	-1.2877447079057749	-0.19160933214931486	-0.6539006052732953	-1.4642091766533403	-0.16380556840191987	-0.10043062428363937	0.43115702181094545
GSM1045276	0.9246419458626256	0.2785889027907016	-0.6627214927224856	-1.202218586109337	0.3385057589109213	-1.4271024813082716	0.3629842346354282	-0.6261583618703943	-1.1263364464093786	0.1689631392546896	-0.7512470374079117	0.13603961019361613	0.14777083111397454	0.329194407791992
GSM1045212	-0.5637785656930688	-0.21434027494994043	-0.16492256245460007	-0.34944794899751497	-0.1550572687587245	0.014560775264692351	-0.5745442122885231	-1.045248688376308	0.26458145977214254	1.884626399780948	-0.09468264655842054	1.484052075912956	1.0729879462350167	-0.14997792355696193
GSM1045257	0.5537403203626955	0.4030247463506547	0.7236630127421122	-0.9066035963176008	-0.8201609172340035	0.5681525577589839	-2.1040620160264316	-0.5631038622180036	-0.8415916328999598	-0.10433048547525897	0.13158219167553026	-0.19518606716852888	-0.11418146057232723	2.7212982146209113
GSM1045217	-0.40499775153680456	0.6688578770559463	0.7813159228269104	-2.8391715850681307	-0.724758294525228	-1.5828039309897115	-1.6973861730667565	-2.371870782698667	-0.2355171581477861	-0.940129343655162	-2.0954760946665894	-1.0871969337839136	-3.3211493030581516	1.3740231975025365
GSM1045224	0.31815405378716927	2.049802544031948	-1.2239663515786714	2.081427512973947	-0.8375442580774373	0.017014205017347003	-0.036980766402310954	-3.9309059861976965	-0.9403831976676107	0.9551426442906356	-0.7019380959651135	1.368564432452775	0.5463922722366452	1.3942998802189388
GSM1045270	-1.3091764635292644	2.349339291596752	-1.9439242689729699	-0.49393304010707156	-1.7020592191067794	0.8841849221924435	-1.0516126718336396	0.12989992671035053	-0.6145043891261774	1.0703194883510592	0.6251245676650611	0.18365614379619583	2.018738611977698	-0.3367349171744746
GSM1045239	-0.3183869770868641	0.29504256738840984	-1.402598372011779	0.021227962159112074	-0.12627923385403975	0.9094820982021744	0.4622955437875157	-0.3570180817832148	-0.656101443680541	1.6269533166975363	-0.36771156075433015	0.6308771892591639	1.679398578145656	1.2693208827350588
GSM1045225	-0.3787418838434048	1.4207444734543755	-1.0629176198095025	-1.7952147867553654	-1.1266887624474342	-0.9664087631821956	0.5389284919948457	-1.2205907200117674	-1.1246541948414719	0.9941740892052612	-0.1832474021941367	-0.09901975660879736	0.3799229363007799	0.5217461025794377
GSM1045218	-1.6626589624257475	1.1122308681725128	-1.3164389714024933	0.1726382573117055	-1.5096180385071742	-2.723471443506052	-0.6047122371932716	0.8830877021012262	-0.6584078104974942	1.3079692144456612	1.1283320480690016	1.573936684246467	1.4922070426534517	-0.8232599938065807
GSM1045242	-1.936952022877977	0.10762151931188908	-1.8239890055770704	-1.266075299743821	-1.128531597547718	-0.3278613608119692	-0.7387064761394656	-1.203389567697581	0.9738406688253861	1.0617909515528712	-1.2651509658230473	0.030380450964543837	0.2081822536553677	1.0888710486778355
GSM1045221	-2.2027529035892828	1.1555681938942741	-1.7192377109867265	-1.7184658406917934	-1.128531597547718	-1.578378197060582	-2.165305956609795	1.0608335967117357	-1.1246541948414719	-0.1721977118808648	-0.06659269244421688	-0.5450800389167546	-0.8365456910611107	1.382857105484979
GSM1045282	-2.0916365913512363	0.8040422507938056	-0.19721479021559918	-1.6723881211916138	-1.2787576979152457	-1.7547218999332708	-2.359069830825153	0.058807970325400354	-1.1246541948414719	0.1910647585461172	0.7168871086406966	-2.100108727530534	-0.3051274889725591	2.7099077563105975
GSM1045287	-1.920833699766267	-0.199650871676938	0.23062844918597736	-0.033806316315687576	1.6577947448566484	-2.7919509594342484	0.0176174575632741	0.6834380739417075	-0.43870116611709975	0.5021578144032639	-0.24354803949384918	2.089881992345076	0.04485791800048654	1.2613831080086826
GSM1045238	1.2523400980537456	-0.5233213495505153	-1.117203239121503	-0.5175312659488986	-1.128055099841382	-1.260632378705873	-2.4047022632358717	-1.2337679264157675	-1.4023736353312768	0.46133727502922234	-2.853117439592028	1.5468934385908846	1.4786774402195793	-1.0708462898100277
GSM1045227	-0.486766813618321	1.1535622662230718	-1.7077115957338973	-0.1377573846558514	-0.8962599596717985	0.3096775378289598	-1.1116084833762527	-0.8680099764754209	-0.32261490939629633	1.3247417602211917	-0.6511562432660007	0.5606832881548698	1.3674841434149225	2.748857683998952
GSM1045250	-1.3556758721588795	1.6074563176205081	-1.7988995633103986	-1.7773609714788539	-1.5185739978303114	-2.360296540881085	-1.5156507973078526	-0.450465877252067	-1.7596536531471683	1.1350986483062784	-0.15209073842507884	0.38499055106627494	0.532312150727109	0.6645331451358708
GSM1045261	-2.3278039112113174	2.6898416459514527	-0.9502264483659086	-0.607901960714913	-1.9110313712837235	-0.25483866373274905	-1.4574203375065855	-0.2275658653907456	-1.7171805615201103	-0.843991413766878	-3.561864539572301	-0.1848522022757144	2.394002804399503	-1.1685765511069661
