pathway	median_diff_High_minus_Low	p_MW	n_High	n_Low	p_adj_BH
Glycolysis_Gluconeogenesis	0.15040104745745184	0.0001279048781612798	48	279	0.00046898455325802596
Fatty_acid_degradation	-0.1679903042963112	2.5282341252661992e-05	48	279	0.00013905287688964095
Fatty_acid_biosynthesis	0.00021910605030673637	0.9742883191814607	48	279	0.9742883191814607
Oxidative_phosphorylation	0.09278730703213872	0.07878222398252517	48	279	0.14443407730129615
Pentose_phosphate	0.18074209400845412	1.6891136809869896e-06	48	279	1.8580250490856886e-05
Glutathione_metabolism	0.056153727357294146	0.027519914926552855	48	279	0.07567976604802035
Cytokine_cytokine_receptor	0.03282604167889594	0.49536747263972347	48	279	0.5518263011195891
Chemokine_signaling	0.06986150918575709	0.5016602737450809	48	279	0.5518263011195891
Antigen_processing_presentation	0.08977114776202788	0.2771505302500442	48	279	0.3810819790938108
NK_cytotoxicity	0.09976193245473536	0.04315047810242699	48	279	0.09493105182533938
T_cell_receptor	0.07454279717414569	0.10833221916082092	48	279	0.17023634439557572
