pathway	median_diff	n_genes_excl_risk	p_MW	p_adj_BH
Glycolysis_Gluconeogenesis	0.1792249088778251	61	8.001305925737122e-06	4.400718259155417e-05
Fatty_acid_degradation	-0.14671853736439663	40	1.7218138729385032e-05	6.313317534107846e-05
Fatty_acid_biosynthesis	0.00021910605030673637	17	0.9742883191814607	0.9742883191814607
Oxidative_phosphorylation	0.08461696034390544	103	0.13752334625473042	0.21610811554314782
Pentose_phosphate	0.29375109373930464	26	6.8716013317525096e-09	7.55876146492776e-08
Glutathione_metabolism	0.056153727357294146	52	0.027519914926552855	0.07567976604802035
Cytokine_cytokine_receptor	0.04051127585391019	282	0.41185399204009443	0.45303939124410386
Chemokine_signaling	0.07959065484600027	180	0.37343652568209584	0.45303939124410386
Antigen_processing_presentation	0.08977114776202788	72	0.2771505302500442	0.3810819790938108
NK_cytotoxicity	0.10293171751166716	124	0.051232697437779	0.1127119343631138
T_cell_receptor	0.08930198732216763	115	0.07278787281879949	0.13344443350113241
