	Glycolysis_Gluconeogenesis	Fatty_acid_degradation	Fatty_acid_biosynthesis	Oxidative_phosphorylation	Pentose_phosphate	Glutathione_metabolism	Cytokine_cytokine_receptor	Chemokine_signaling	Antigen_processing_presentation	NK_cytotoxicity	T_cell_receptor	risk	group
GSM1045208	-0.11738923031045172	-0.1747469038163243	-0.05411746514422613	-0.21333664011171488	-0.20657494748741592	-0.23774499558303924	-0.1492413850776207	-0.1831938753153182	-0.2047439312525059	-0.17473458862011976	-0.15360353092731793	-2.314995069510104	Low
GSM1045209	0.013006564345310584	0.05056126068342982	-0.14145092696531913	0.07541678183946426	-0.36521795170626503	-0.19186410872484652	-0.058362969463887665	-0.11543668968078138	-0.21468387115481719	-0.08082439169731742	-0.16014286596259042	1.4635794510763223	High
GSM1045210	-0.32261069635505757	-0.3939203835148077	-0.24665021619752944	-0.18743743466032053	-0.331684579961464	-0.25479677685947744	-0.12821535232659342	-0.28013006873552043	-0.3601447630755106	-0.2870788594581847	-0.2331465385643848	0.14250779921276913	High
GSM1045211	-0.19661854182142185	-0.7107345976384596	-0.24483338804797738	-0.6040891774149415	-0.4709490179210063	-0.5001206626884671	0.20263551277159933	-0.37854813789522823	-0.45754549930682625	-0.3090397197123044	-0.5542515141371172	1.3929914508620744	High
GSM1045212	0.5085039553123658	0.07160816440921014	0.18000568404271217	0.3011300054139071	0.8388603751415219	0.36871732128323287	0.28010242862125273	0.3815243716466203	0.7568105897495558	0.4216396150265976	0.24420423767304844	1.8450938951973292	High
GSM1045213	-0.3582797611256672	-0.21016461922430565	-0.43352600941778097	-0.4953490962640934	-0.330832624132032	-0.27128310586211163	0.24979163904409443	0.0903408165352483	-0.16594832380509297	0.04787154700836202	0.1249744705542259	1.7524603489927628	High
GSM1045214	-0.2683654638837663	-0.17841707097330584	-0.0676257501022232	0.0029926664239157386	0.10760444609768477	-0.4482996087925682	0.5202625258526051	0.45023505684193604	0.528986737023508	0.7354395012430368	0.8402343989683695	-0.24940050773310818	High
GSM1045215	0.005724271988225245	-0.09927496953282462	-0.28831127176889837	-0.028586999755245316	0.007134049924257327	0.17476833547860574	0.2065042365699299	0.4256366583950813	0.5870422482294223	0.4362862990442634	0.44064553835729214	-1.6900820913284078	Low
GSM1045216	0.09572904777257789	0.09234597328560334	0.3783695372124624	0.32613299316755334	0.37828652099268023	0.269288589817335	0.44929398895275546	0.6504555312592497	0.9591057917776449	0.7075085869678424	0.7046553542144489	0.69873720991931	High
GSM1045217	-0.6710442037410714	-0.9465057229906453	-0.7936519381094721	-1.8412633183559974	-1.4167638060876724	-1.100665619978688	0.011827191401839266	-0.6071093731285381	-1.0493363249289938	-0.47254822978102295	-0.7988645968656544	2.042446139458705	High
GSM1045218	0.2520648676720532	-0.16839656930837563	0.3209950293975783	0.6120000961424628	0.46872434733695456	0.38840435905671694	-0.13113159975589758	0.0009836216428579447	-0.15337744318272284	-0.08868049407051595	0.022147213330059666	3.145611156554562	High
GSM1045219	0.0753987134674858	-0.049726507980767	0.22685330886185498	0.36754618397034233	0.2430439980733792	0.14065978769364457	-0.08644860450983398	0.11413648101100227	0.008841160041162671	-0.01860491253158468	0.105277538544881	1.1048306197390785	High
GSM1045220	-0.07152654094984205	0.15098436644464414	0.37954006815286606	0.18947911421192762	0.16829362129776906	0.05184570151741197	-0.13867033068376092	-0.01518103848663804	0.11653485715609094	-0.007327141404703097	0.012339443807085267	-1.2820649149696783	Low
GSM1045221	-0.1363754133143747	-0.733764874919576	-0.5770251656357347	-0.6845870180015085	-0.37044897718706976	-0.2630052568304573	0.26640722035719155	-0.282243230273209	-0.37824221886015974	-0.14832426460944678	-0.35499750115869116	3.397260564590466	High
GSM1045222	-0.1414623539764021	0.03962528824550339	0.1323438135250263	0.017425177046079283	-0.11481865106493504	-0.1270114046490864	-0.03353622639781268	-0.10820437598741772	-0.05225910635828203	-0.03199442961598576	-0.18127431426238697	0.5760840372643801	High
GSM1045223	0.4260489889727866	0.9372163974689548	0.6677707277001879	0.3114921336170955	0.4245791050463792	0.49568316561045067	-0.007880879785097135	0.13002574965298322	-0.06279657357399294	0.006038225865458074	0.1328767495565866	-1.6965581358119461	Low
GSM1045224	0.23954595989225114	0.18828630001806373	0.14489022827260614	0.22189338538072598	0.7425498274433606	0.29560792380911977	0.4790556845958378	0.4979208386007103	0.5409095812090094	0.4459949592674486	0.38998911209051773	2.1204096130368226	High
GSM1045225	-0.03783934087497993	-0.5378729746061822	-0.6560172510411169	-0.4830944993230979	0.004819820788260405	-0.3106136416465937	-0.1199728985016615	-0.1392971180801593	-0.33569405641762695	-0.2038306826780368	-0.15129180278028753	2.7938828540218963	High
GSM1045226	-0.1500417168526641	0.11586651428459106	-0.07142299892389756	-0.12278172936324769	-0.09800982790229339	0.009851187207804044	-0.07888541028278381	-0.10235326968758594	-0.0009193710735646596	-0.11916406281968568	-0.07122421385755978	-0.888030964821132	Low
GSM1045227	0.21267380077690157	-0.17369105483083444	0.10197312250430107	0.4688085446415169	0.10476901620824199	0.19703053088575329	0.005739870465415975	0.09901494994054004	-0.0070022352603477545	-0.14813842507321612	0.08246346457423	3.91035414468803	High
GSM1045228	-0.13838661463855836	0.0017552649838286003	-0.24295703313087672	-0.10544387715970108	-0.21850548934709682	-0.06457019080843383	-0.20370004374094589	-0.2413776403740819	-0.3049948662437842	-0.21119718511871355	-0.26232373701486567	-0.10309664429337378	High
GSM1045229	0.16361843876673443	-0.00592085892548566	-0.0306750026859595	0.102475153593565	0.3918233059300191	0.31666371662097403	0.21265647965504705	0.30616358461575616	0.3256680024343534	0.20445911632772762	0.17607488720330836	1.6081040101578274	High
GSM1045230	0.2844178964799488	0.17240759043482545	0.06431040489182954	0.4767360911846406	0.21771079726414477	0.6876330138319031	-0.059788966541533366	0.16291202143086672	0.23345437273219968	0.0901167802671846	0.16813544578986292	-2.1349605124126323	Low
GSM1045231	0.2370310810674223	0.23391551220171442	0.29291356499667903	0.3094563571464924	0.33918321571904264	0.23907029197779728	0.3170415529254449	0.6323571842067791	0.9896975448400614	0.6430669540960745	0.7194235686281789	-0.7013588485404162	Low
GSM1045232	0.146394408987699	0.14383381293983138	0.19794207798302987	0.3902166899235573	-0.11606068480427952	-0.21397639401344754	0.03436015507958067	-0.11113351360754324	0.010481411480938582	0.03271873921208647	-0.18604158330165435	-1.1981471436897178	Low
GSM1045233	-0.07433147549533504	-0.23858361936618497	-0.06909699099112115	-0.26840904564008655	-0.08713116664967062	-0.07301459607408974	0.007184120287154473	-0.046074953066426845	-0.031770579190521064	-0.019460072445192253	-0.0862755423485838	-0.7956012769970162	Low
GSM1045234	0.1932087654570439	0.011459690612943694	0.3496715775877699	0.30146965482208954	0.4902482776948205	0.17413469962187111	-0.14210007130447422	-0.053704792307396436	-0.009802143176950495	0.026194579846975315	0.19052453230226798	-1.6784976740217	Low
GSM1045235	0.02180660881145365	-0.04205669310709959	0.060992213445168524	0.521884065927014	0.08073390167594366	0.38177503478475033	-0.021283646903871217	0.18808959748689416	0.30986277654063726	0.07034594780084397	0.2988947192809129	0.3435850883969465	High
GSM1045236	-0.09699725814988772	-0.021548079671992404	-0.10984146912439086	-0.11535194706294481	-0.05614430147140305	0.15299827227212837	0.11519660197345793	0.2845904571765286	0.15432248333239768	0.13227056634337708	0.09737309044474789	-1.108761877944451	Low
GSM1045237	-0.09816022086162567	0.00014916100542334873	0.3209982087198984	0.1976577048311638	-0.0016351701726364262	0.17540014091598136	0.1617875109027641	0.30266455317796115	0.22658165369161518	0.24548905573194157	0.3037026183660607	-0.18739442623070413	High
GSM1045238	-0.07935263403117251	0.17613454699721717	0.3433822637728233	0.6449369324977078	-0.019220043952947508	0.05829556662306354	-0.23875514894198235	-0.16905725246200626	-0.1603060886643496	-0.3001224678706118	-0.19577371736434396	3.4409571632768583	High
GSM1045239	0.10371918499748135	0.4169474361254678	0.16542031769207835	0.19251762058828334	0.10599919767690791	0.22365296651537062	0.09408305684096115	0.2341852162042697	0.20679202147882336	0.17655849979100324	0.3015632224273664	2.2875561067645154	High
GSM1045240	-0.41455188712620117	-0.162293292297771	-0.19168657316044596	-0.44712699251225196	-0.38421005285527304	-0.36610044773450373	0.06251410794200132	-0.021406775478795975	-0.22026134921396653	0.01091834434457641	-0.174893293313112	-0.964744886499924	Low
GSM1045241	-0.21656732203463	0.03656352319371446	0.060272044465164584	-0.16932519911687474	-0.3096255885535293	-0.294377704399504	0.1411709889515656	0.20252241196155638	0.24404062379041258	0.1930510834298389	0.12173991540893733	0.9739690848297766	High
GSM1045242	-0.11238750553668068	-0.13711009714927722	-0.24005666634769796	-0.09689037108384455	-0.09111797683300761	-0.11754659570154832	0.04341456358890634	-0.2154090204683029	-0.4189291244619003	-0.15387988248066994	-0.2807626430910559	3.2290420997168434	High
GSM1045243	-0.2861995054500437	0.0015944557660288474	0.46082109168826074	-0.5584592431478114	-0.3812157598081555	-0.4064990998872609	0.10164153583054943	-0.24792048208061648	-0.437901352084626	-0.03472291653625827	-0.4170923115328669	1.3426326779790143	High
GSM1045244	-0.1550174245620903	-0.18342653245403143	-0.031015841966346436	-0.5030727009693771	-0.38733479049378716	-0.39882800761088993	-0.07321132318391899	-0.09884873613450797	0.018839757585718438	-0.06905741787211066	-0.2350010241215163	1.0006730092266702	High
GSM1045245	0.19332158852357048	0.32057710114896354	0.540965394180842	-0.15895617088351993	0.15280948030280292	0.3747207101444942	-0.16387175512940313	-0.27805368235956385	-0.003093013207905689	-0.14680796024724968	-0.2133488371217143	-1.8875827662048965	Low
GSM1045246	0.021279243535392615	-0.011198806854827017	0.1598603906365741	0.20554699031864201	0.4782688691195421	0.3250550570278146	-0.11068055525916758	-0.11470916930439219	-0.09432160680381084	-0.2119774134425022	-0.07260518897298336	1.50099467499117	High
GSM1045247	0.07399573049799589	-0.10113119781200544	0.0613118891098273	0.26331201276743477	0.06261612210457729	0.024485056909766025	-0.1984338072710681	-0.07024764246106527	0.24752621519825388	-0.14017403688984342	-0.10284210187996995	-2.837862696216594	Low
GSM1045248	0.5387511190626225	0.08494010571650085	0.08930095382781943	0.3088516639980513	0.8825298168022967	0.312785391569021	0.677337137713403	0.5086832328227704	0.22584144385686244	0.31479348399252977	0.5042685714434666	1.2581289917780387	High
GSM1045249	0.03868222830109069	-0.18836834091184373	-0.08719130587370427	0.10116613606016206	-0.008493324886549504	-0.05345854039923463	-0.18317410774782206	-0.058846076729730246	0.10914736742174684	-0.2121258692278323	-0.22786815052089893	-0.025579034682093382	High
GSM1045250	0.17942094809486686	-0.44885439202905175	-0.1360386744567752	0.08674383704131222	0.054301133159298756	-0.2015883816677338	0.009620214928663657	-0.2527112172340101	-0.12625921563154516	-0.1234308163794739	-0.22881128479060303	4.6702962134261545	High
GSM1045251	0.24290598036073485	0.3114082557469928	-0.023390015323341933	-0.1469647901171131	-0.03078742996839955	-0.0320285601668331	-0.18587236106342114	-0.06369934612696022	-0.21949460014634306	-0.17836346440160405	-0.0178711252739694	-3.277620239797847	Low
GSM1045252	0.573544369141529	0.6485722099254377	0.1787309348214978	0.42321383358447345	0.5643427354553328	0.6019710899403414	0.446178578464774	0.7425704851803021	0.6249599568133023	0.5221484216753546	0.3869023855295171	-1.9533761623169494	Low
GSM1045253	0.2260196124071529	0.3065388467497238	0.24479745012745113	0.7378434917523271	0.33935985955510445	0.4153611540466634	-0.03518228041788563	0.07759719156287105	0.44940041511277506	0.17336144039377352	0.16207275561980902	-0.353573898029795	Low
GSM1045254	-0.03477200464924524	-0.053341161192093665	-0.1895062063983186	0.563161371801323	0.005005211054093064	0.13483095006296167	-0.15414287448655456	-0.2517071254710114	-0.014789002745915016	-0.29000476443219725	-0.14054519157822049	0.10920897286944115	High
GSM1045255	-0.2545594661961559	-0.1574990142813203	-0.08366535670125443	-0.25729708409716207	-0.4861772165504909	-0.031243229054111928	-0.040130505054550035	-0.3529469854376562	-0.3606160092893814	-0.10658241113146426	-0.4490578799160823	-0.32664364187085027	Low
GSM1045256	0.022296571408036574	0.25652020590009994	-0.16489690556837047	0.2525585236501431	-0.14886824465274556	0.11068118973345385	-0.08179778348591776	-0.16954844316764137	-0.23541352270001015	-0.25505946861618245	-0.27356677225426823	-1.2578763784837508	Low
GSM1045257	0.07401691962031545	-0.002637323533229316	0.0036750012912018155	0.4147130928851566	-0.0209705416111877	-0.05914005879156235	-0.33723714628311796	-0.0759944543695364	-0.5104072807830007	-0.3357938628823799	0.1143348483866948	1.9371701479968169	High
GSM1045258	0.0235690837802419	-0.1280941341004653	-0.02535876702951883	0.32697771347513604	-0.009246066296694364	0.2324222244235602	0.16328192786957788	0.3406508620228372	0.43656738348638796	0.3488442731099562	0.3725853413958659	-0.5385762172647608	Low
GSM1045259	-0.20986637916908407	-0.26158445276138226	-0.20256094779641048	-0.26107388036372664	-0.10328802892987872	-0.33772192708072907	-0.018804203546963605	-0.10299850279852167	-0.3263861382746158	-0.11370344005007181	-0.19105542865297057	-0.7730813530289544	Low
GSM1045260	0.249584318994691	0.22521449033232005	0.3788956166955779	0.4493517268602227	0.23753950445607444	0.13676477535983386	-0.19909313877523446	-0.09130650707930849	0.0018035540752598265	-0.16580767621591838	-0.09301504252664827	1.0791778509760084	High
GSM1045261	0.05148045996156502	-0.023591482442003802	-0.30038975059214706	0.5373297088561996	0.16615909604096632	0.18371575033955045	-0.3929980984175856	-0.14243061077827882	-0.3349660948812502	-0.22384698780080442	0.08610528757524857	4.709840120776932	High
GSM1045262	0.19344285171457187	0.12084879762339058	0.010747302296834812	0.7749621075398139	0.6028366244639682	0.22930599048948655	-0.24024809109672496	-0.06208676519292961	0.03957454748634386	-0.08102382505498584	-0.049597652682310346	-0.43083998986239536	Low
GSM1045263	-0.2838958419222738	-0.43579707522240957	-0.0885946769852956	-0.2142427855974733	-0.21044130966157407	-0.07605023855784493	0.010562785323772073	-0.10934786621169093	0.11998362851068693	-0.12956916301838584	-0.20139318854897623	0.24626755092499808	High
GSM1045264	0.13769840445614068	-0.23387314839395493	-0.2960086367555653	0.2540615463207971	0.3238917356467111	0.008017594608992597	0.12484521781338882	0.4502885047718137	0.2556510611518741	0.3543543207659117	0.29320969795640406	1.4221963483277102	High
GSM1045265	0.1509973412030601	0.5331847527673667	0.35925712493533746	0.4014528751731491	0.24716001924137165	0.29905142522475836	-0.14360424090368867	-0.07900660914481185	0.00028025292669999385	-0.13509256601038125	-0.02944956894481205	-1.2325376479459935	Low
GSM1045266	-0.2470311114597517	-0.17014435592720312	0.06404627794503101	-0.07633044495334756	0.13462636037512876	-0.48283553005585106	0.4685174261593088	0.5024292008848722	0.7340997806259376	0.7356810634138176	0.8438981686707221	-0.9920313924860904	Low
GSM1045267	-0.19819221888929156	0.20569782867500525	0.07957201175025595	-0.4462798450670812	-0.31816544536816554	0.015408348818710442	-0.1835879700152665	-0.12483489508435941	-0.20227827543218055	-0.16988337142665005	-0.09776742895329622	-2.8687490610977378	Low
GSM1045268	0.2937914251393909	0.22873689156951454	0.2781089554899043	0.39860705347040526	0.5618918899612804	0.5927107603198958	-0.07201057042969417	0.11138951794509326	0.43858835004927027	0.06943916861881803	0.17901319909651256	-0.4861989923701318	Low
GSM1045269	-0.006701233313948706	-0.07052041120699476	0.005857386248462124	-0.2761238913138622	0.03824197830502123	-0.04408174229986271	0.4378051473596755	0.5665726483357907	0.558399985838467	0.5171686883215673	0.37563637726073595	-0.4924059026262389	Low
GSM1045270	0.6349208259523252	0.48011036684949054	0.42937284658860386	0.8519227753073131	0.6859873407475665	0.45745689692346886	-0.02821224522672513	0.20880733536444518	0.36662688923668657	0.1261494456372488	0.25869668454965455	2.258824657285989	High
GSM1045271	0.007419409866403642	0.010528361667733252	0.2881311867598665	0.4355318559638949	0.16951939756402765	0.20278217703978177	0.07391536893328364	0.2533187961519832	0.6801742515130491	0.34222326126021835	0.4099658465476533	-0.9498402080927278	Low
GSM1045272	0.35113160771028257	0.5047154300384918	0.2011662380217754	0.5796104966814829	0.6480522125283275	0.4524754273749875	-0.198672200436716	0.02691853852377655	0.3006278127829056	-0.052077232565749865	0.06619594414223183	-2.305407637744456	Low
GSM1045273	0.1684523617689345	0.18742643475757043	0.21970529622531862	0.6354557414779116	0.4593475923295032	0.23055811618525432	-0.2157001212362847	-0.11005670840563327	0.10989177711044999	-0.15673218182342888	0.11123683040292356	-0.5536882014927518	Low
GSM1045274	-0.10466849094800795	-0.3856030876610333	-0.44443905880092915	-0.4897499579149635	-0.21512763674147128	-0.43786831319200065	-0.4081118059918802	-0.2987765247861447	-0.5710761222035159	-0.3317304230171717	-0.08317297573002513	-1.1824550011219328	Low
GSM1045275	0.1846990741657671	0.058299666959380894	-0.08383795364973275	-0.0011560252918147568	0.283971029465027	0.2750176673832167	0.03054511057172226	0.11863026234606938	0.5042359193539823	0.13820882052037992	0.06350877544516154	1.4670423328451028	High
GSM1045276	-0.0684662634071033	-0.011458364345103288	0.03898388868908178	0.043809335413758074	-0.21796506797014512	-0.28187408263719627	-0.016569253699657907	-0.23395239233360676	-0.1691662889259456	-0.2018250565011665	-0.23447620661103916	1.7675179606001108	High
GSM1045277	0.24057546500780563	0.3403058435223945	0.3734479517984091	0.5072644744759759	0.1442110581712992	0.23028900383833484	-0.11208622684462706	0.025749556761894474	0.1331991855745979	-0.08223638866825081	0.059184807523881736	0.010234819925205585	High
GSM1045278	-0.026650239513978526	0.25686818977767945	0.2539109757484311	-0.31838251524466876	-0.16914160755818813	-0.12156111512331334	0.12940491844991883	-0.0025851878893227	0.12901727348700762	0.03946036954354386	-0.07394573296395243	0.23810526785598926	High
GSM1045279	-0.07080009815972323	0.4800212075415283	0.19923106413148978	-0.21033174334869342	-0.12382755351220628	-0.09896089895522245	-0.22226507110809185	-0.1564029594671753	-0.40189535971195917	-0.23662600715008966	-0.10396046017760262	-0.8132671676986544	Low
GSM1045280	-0.31197043507384287	0.02821545288157773	-0.30362801650494525	-0.30920984487428477	-0.40746429466719614	-0.1444142847630023	0.053571747314430415	-0.08585637084133524	-0.22742884808923902	-0.08472265727587155	-0.1159573139392281	-1.474608555459176	Low
GSM1045281	-0.11958564254191044	0.18528887616892264	-0.15986353850613946	-0.03326350543977789	-0.098788852311901	0.281143080140349	0.011879756058008246	0.2639808732388733	0.5916984965647398	0.35776039842928453	0.35204207268306853	-1.720730922412847	Low
GSM1045282	-0.29865299033082393	-0.38747565213116614	-0.6669989850337005	-0.48539091594264494	-0.386310118600954	-0.18969669528264269	-0.11584368167210676	-0.333841783565161	-0.5239518784663734	-0.2224212847604026	-0.2239549205507271	3.416839949033549	High
GSM1045283	-0.061016695182660396	-0.14772655103255952	0.09863413483343483	-0.05804970268854703	-0.13306430112997247	-0.04774360473763484	0.023196145029624398	0.13944309336460567	0.266622272119126	0.15204407171439907	0.2244776629441591	0.05721985524170664	High
GSM1045284	0.023727660200114693	0.3027435312116786	0.04413871490603896	0.05160278620896971	-0.1044521650373089	-0.09833667044701849	-0.3749793347104164	-0.17675101757248565	-0.4660360349990092	-0.34026035826955675	-0.12981508103739225	0.31749996975383976	High
GSM1045285	0.3929515335973478	0.09896357322027544	-0.09920543937754658	-0.2090648286114879	0.43230736680234505	0.0015216780833742312	0.3882663441825793	0.09818539591882047	0.11492694099979876	0.14981694108773413	-0.06426916445778705	-0.09210901099910651	High
GSM1045286	-0.07700289825387764	0.03311548891518117	-0.21541145082530583	-0.5321342798299512	-0.17642582617535177	-0.08632150467822322	-0.07341651580536279	0.04978617148974835	0.012032002030166446	0.0014601706270819385	0.08207271122348954	-1.5340261997827431	Low
GSM1045287	0.14532613774655614	0.018844457504589327	0.018915325557937603	-0.023547136338667417	0.1051403095308496	-0.09455214779344981	-0.2033278741580733	-0.0957998879159094	-0.47676195908282587	-0.23522475786816222	-0.08708000028036994	3.427888842077495	High
GSM1045288	-0.6084134929475388	-0.7993663148806697	-0.5551154376010606	-1.5072107137810895	-1.2962147744785697	-0.9165046254178862	0.5544417267724733	-0.4382044946270398	-0.36635342343902655	0.11624752904345315	-0.8332568059813792	-1.5297907291362531	Low
GSM1045289	-0.09171952646027204	0.4013684624655947	0.29026406106204683	-0.07501444907357256	-0.046119257203634516	0.009289320256533127	-0.01914949162695534	0.048567978307715656	-0.09418183714076808	-0.0697066433610112	-0.018760600634933615	-2.152668102222427	Low
GSM1045290	0.12614110590908073	0.40928743042176513	-0.08528871328788679	-0.29175042413006586	-0.058382778323323455	0.04242992608554438	0.0836410115104244	0.29901076145695055	0.48147798389805374	0.30144021353801553	0.2534312826377472	-4.250792403617115	Low
GSM1045291	0.12757542345018946	0.5151674119439229	0.6306910923039446	0.5896079261270085	-0.06914166677579232	0.3089834066590769	-0.2754812309422596	-0.2239624989314705	-0.2706439286403407	-0.27937925782652373	-0.14738414420570195	-0.3708127708205607	Low
GSM1045292	0.0013012798081063082	0.057653159762514936	0.19806137800620804	0.09118376513360026	-0.11714611647168473	-0.08091879209689248	-0.08009963207301217	0.010864402431088624	-0.21755603081019437	-0.050753467647121984	0.06073764891471221	-2.181585787112517	Low
GSM1045293	0.06441339039537106	-0.1265317516277212	-0.44551330549031926	-0.21841553683191256	-0.3505134382971951	-0.4375526301288147	-0.0006979770550593463	-0.08332078923095854	-0.1966747431175995	0.24016438185221872	-0.2518140968357193	0.8994350721746611	High
GSM1045294	-0.15000024624301714	-0.08638035092235441	-0.157356372106951	-0.3185015977545854	0.0388311999906267	-0.2751912762790179	-0.28644330802043416	-0.3681638702940004	-0.7037504166827753	-0.3475899336275985	-0.21134453963407038	1.3960465249596719	High
GSM1045295	-0.20497043091038336	0.09954718091416864	0.017636559138190396	-0.23474931919714043	-0.20214351995234509	0.05358321705282919	-0.10081830985386818	-0.1576442846884614	-0.23841485061300663	-0.18564459447961307	-0.18671707089024472	-2.1676326260865904	Low
GSM1045296	0.13326167152952378	-0.4415517292621738	-0.4639429516689	0.03391529460678736	0.31356091674354064	0.17085823737552147	-0.1695246318936959	-0.08946300353020506	0.08632616280090366	-0.0113688330484839	0.09538976737735805	1.2397407324047691	High
GSM1045297	0.1739261761563135	0.20847479356317275	0.2951406195589345	0.5652360369475848	0.45967020488688093	0.1865543934769011	-0.24689018124138873	-0.052355757822783455	0.07958249513783261	-0.055158454536882805	-0.030178145835659736	0.01873158004222969	High
GSM1045298	0.39031871383333766	0.19105540448125838	-0.04061892887095803	0.08921266659482398	0.5850613391247278	0.31881335624553997	0.6290534095024963	0.6348999093685392	1.5286136983513208	1.169162684999682	0.7420111865141539	-2.719275801631565	Low
GSM1045299	-0.10375701541908128	-0.0796334444692384	-0.010907876714123566	-0.09542162422375135	-0.17550249254261027	-0.20474469325521533	-0.18118346601550792	-0.1866587523487962	-0.13768122046868825	-0.2115475158235877	-0.20979195040244386	-0.7886128530788037	Low
GSM1045300	-0.18217408484789607	-0.3105895548200469	0.03127323388112493	-0.23660323819153908	-0.176344604035706	-0.2476908944508875	-0.1973504689180098	-0.28597364763140926	-0.5126576116553204	-0.359812589447922	-0.20431275708694882	-0.6620363552044373	Low
GSM1045301	-0.48972763113528905	-0.05126893759681505	-0.4965890879536294	-1.2385861303465044	-0.5176122065226118	-0.5945958583881032	0.2997839525736159	-0.3352731415032938	-0.7202396505216822	-0.3500115090512773	-0.43397717142433007	-1.0465520632686043	Low
GSM1045302	-0.3279134159518438	-0.7588097250742097	-0.3455963639369319	-1.6725910576278322	-1.155203747551412	-0.6414544552562975	0.4621910971781645	-0.48609680802903404	-1.116660492293712	-0.29867289764254196	-0.730266153157071	1.5426035782302407	High
GSM1045303	-0.1455685134651904	0.00720788217673508	-0.08186927422169007	-0.044788354630969515	-0.23212380579116784	-0.12335317794554318	-0.19230536972673004	0.012715986246927808	-0.04734029599730426	-0.07003638086631932	0.013962086495644514	-0.6379992040185439	Low
GSM1045304	-0.1903258038984534	-0.014364292496408412	0.07871511687383605	0.08845715630118169	-0.09951147923571871	0.036363683263732655	-0.12833778331152038	0.05624067929712733	0.08110801300269403	-0.012553967999139787	0.14407848040617996	-0.024517628964858096	High
GSM1045305	0.02244870271155958	-0.031289706955724965	0.2714820983007391	0.3242056527534468	0.1457166446390053	0.28583242331531483	-0.18505528155251397	-0.20692163646087447	-0.38165076553309946	-0.20178869937003424	-0.1767161810606901	0.4200138106935689	High
GSM1045306	-0.24794857311675747	-0.10414542868255267	-0.19006202819984866	0.26193158245018144	-0.22871620229651216	-0.010909278046015547	0.06498074691536015	0.018997277538732812	0.09585778430768163	0.07094657746285545	0.02759898753988116	-1.7525045234512389	Low
GSM1045307	-0.20781151544834006	0.04979561868230494	-0.10452677562039021	-0.11711063375935424	-0.14659013731614692	-0.000515671308941671	-0.054605508985514216	0.03785343518226748	-0.1090450523321088	-0.04791263508414888	0.09448540880965527	-1.4363241681221814	Low
GSM1045308	-0.2605836691129426	0.04731787950228987	-0.07194837881484852	-0.3105105153106543	-0.4074027733816096	-0.40027415009672035	-0.21022170671101506	-0.11024271323513893	-0.35608156769653476	-0.2516159754678285	-0.053457795270793175	-3.0983756790618298	Low
GSM1045309	0.004623793752699319	0.015066830812495944	-0.10078358032857354	-0.38585832307019907	-0.3619346029882043	-0.2487597530687495	-0.03497048877870563	-0.20735265466819927	-0.16631525064846972	0.098932717348653	-0.31291991566401495	-1.4484174886463448	Low
GSM1045310	0.22643713824393452	0.05602567881026876	-0.14463034384563683	0.43184929619745976	0.19915491640700994	0.19999532204960543	-0.2544996542766793	-0.11426869818205837	-0.15776471339130682	-0.16693138674312127	0.0679825851538705	-1.6051831923954694	Low
GSM1045311	0.044908816285232106	0.06407625112571934	0.07220330694779582	0.06694867522643098	0.13063425390172975	0.19954559197509153	-0.10681757457391106	-0.10087937214030501	0.06219780972566581	-0.15345851342261402	-0.11904016671450066	-0.7963497194205478	Low
