GSM	risk_medprobe
GSM519117	-0.5839644995691033
GSM519118	-1.381527184940827
GSM519119	-1.8715510557407038
GSM519120	-1.625795297026009
GSM519121	-0.5329133856360546
GSM519122	0.38620972588140323
GSM519123	-2.3715234952642295
GSM519124	-0.8707689567803235
GSM519125	-1.4013651325175545
GSM519126	-0.3520267131732522
GSM519127	0.1507587317917427
GSM519128	-2.1299200732963386
GSM519129	0.6781838708773452
GSM519130	-0.7261328012212966
GSM519131	-1.4077779696598447
GSM519132	-2.3826804490062017
GSM519133	0.14937036576879992
GSM519134	-0.7602077116392141
GSM519135	-0.32032853356733293
GSM519136	-1.732320235083248
GSM519137	0.7657211490981766
GSM519138	-1.1492872916365484
GSM519139	-1.4182719581470322
GSM519140	-0.8749354033801047
GSM519141	-0.18586388252845
GSM519142	1.0924129687402424
GSM519143	-1.9402139394019415
GSM519144	0.2012332070648749
GSM519145	-0.008505084673005925
GSM519146	-2.3289654921168856
GSM519147	-2.0096052885269575
GSM519148	-2.006602070620943
GSM519149	-1.5769360157027226
GSM519150	-2.2290061623634276
GSM519151	0.3310207544997845
GSM519152	-0.9379631728602562
GSM519153	0.21940287449316886
GSM519154	-0.44102470291215834
GSM519155	-1.1924860145312028
GSM519156	-2.448494701604935
GSM519157	-3.129950804013437
GSM519158	-0.5052528861870846
GSM519159	-2.0254175863040564
GSM519160	-1.9053146763143014
GSM519161	-1.003423944354774
GSM519162	-0.39168923263747035
GSM519163	-1.3228507777238256
GSM519164	-1.9715955394958056
GSM519165	0.8972898596676677
GSM519166	-1.5691005600600194
GSM519167	0.2669091820811773
GSM519168	-1.4907894953297969
GSM519169	-2.8354080680916973
GSM519170	-0.4504891948799554
GSM519171	-1.1684777429474287
GSM519172	-0.18224226845666291
GSM519173	-2.562385701677041
GSM519174	-2.686517144141918
GSM519175	-3.258417526108426
GSM519176	-1.9009811359578868
GSM519177	0.2653030897889037
GSM519178	-1.634578698184407
GSM519179	-1.9471104192256177
GSM519180	-2.171457130727088
GSM519181	0.920173450825438
GSM519182	-0.16727387427125384
GSM519183	-2.2940866023138944
GSM519184	-1.2882494153353927
GSM519185	-1.9898827188339903
GSM519186	0.8100884586189476
GSM519187	-1.3346945463890945
GSM519188	-2.044619430467001
GSM519189	-1.9480481937854155
GSM519190	0.5012264830240538
GSM519191	-1.3218064948048285
GSM519192	-2.4624772740927847
GSM519193	1.1446517011346211
GSM519194	0.019734256434443154
GSM519195	-1.1785881102892248
GSM519196	-0.07979017564464685
GSM519197	-1.7731164796464598
GSM519198	-0.5030522872177725
GSM519199	-0.26294481204062925
GSM519200	-1.6163215023922908
GSM519201	-0.9237846517991049
GSM519202	-1.438330913817795
GSM519203	-1.2597695122066679
GSM519204	-0.06034057440485863
GSM519205	-1.227424275295681
GSM519206	-1.6645390206101742
GSM519207	-1.7391186521853628
GSM519208	-2.7021834208958726
GSM519209	-1.4356853854723586
GSM519210	0.07646781664528435
GSM519211	-1.8917617595025222
GSM519212	-0.6237309999922012
GSM519213	-1.1559870573027262
GSM519214	-3.9121958614395766
GSM519215	-0.25924135036890417
GSM519216	-0.6613915398378492
GSM519217	1.6278650406984967
GSM519218	0.22126029333801478
GSM519219	-2.199916383697074
GSM519220	-0.39961825742401436
GSM519221	-1.545357142528078
GSM519222	-1.605219846592757
GSM519223	-1.1429924362771349
GSM519224	-0.4302754045720423
GSM519225	-1.0155433007694277
GSM519226	-1.8570282932018871
GSM519227	-1.8640125469677098
GSM519228	-2.556107131481781
GSM519229	-1.6739252847323831
GSM519230	-1.7247186659038198
GSM519231	0.3797692660258276
GSM519232	-1.1075025294087102
GSM519233	-2.3801198849072063
GSM519234	-1.9961884283971958
GSM519235	0.6494675986613208
GSM519236	-1.1731456085681242
GSM519237	2.237197744058297
GSM519238	-1.3920520508147625
GSM519239	-0.10037847340827244
GSM519240	-1.0010148816060251
GSM519241	-1.0224657602932585
GSM519242	-0.541185111397663
GSM519243	0.6243435702533011
GSM519244	0.6904841091552858
GSM519245	-1.1920801855955865
GSM519246	-0.8190556279011318
GSM519247	-1.003775528426834
GSM519248	-2.087521543380031
GSM519249	0.25430541753289804
GSM519250	-2.114280812728123
GSM519251	-0.6474068670445356
GSM519252	-1.951825748284179
GSM519253	-1.2213773328810626
GSM519254	-1.9977313819678388
GSM519255	-1.7200877640733037
GSM519256	-0.37703432994876684
GSM519257	-1.59761035050476
GSM519258	-1.6892634491645269
GSM519259	-1.9312057403459222
GSM519260	-1.5696394707537273
GSM519261	-2.485811387333806
GSM519262	0.2132724259522829
GSM519263	-0.665051333079439
GSM519264	0.2261184504919045
GSM519265	1.394040389138303
GSM519266	0.5833667553498432
GSM519267	0.054887225558740926
GSM519268	-1.261471628997374
GSM519269	-0.8856232694257593
GSM519270	-1.3677765700976874
GSM519271	-2.145814922784359
GSM519272	-0.2649691588184342
GSM519273	-1.8568197895511602
GSM519274	0.7886428617759613
GSM519275	-1.495134004409909
GSM519276	-2.2507857303943126
GSM519277	0.23954200036285767
GSM519278	-2.1682834848429415
GSM519279	-0.9102375269480023
GSM519280	-1.6187654498956519
GSM519281	-0.30103704721589564
GSM519282	0.537060731880636
GSM519283	-2.635144887504926
GSM519284	-1.3655688575028888
GSM519285	0.09832309491679547
GSM519286	-2.1690326001490057
GSM519287	-2.1622845006243416
GSM519288	-0.39547906928782717
GSM519289	-0.5017279938463215
GSM519290	-1.4123080464117062
GSM519291	-0.8498824421346505
GSM519292	-1.5397994359435188
GSM519293	-0.6830333820640943
GSM519294	-1.2247235378868364
GSM519295	-1.519323865803127
GSM519296	-0.5828372870694585
GSM519297	-1.2363624347208455
GSM519298	-0.10676639101202068
GSM519299	-1.4462058330489835
GSM519300	0.35391509774135965
GSM519301	-0.05116295020440986
GSM519302	-0.2949054396544665
GSM519303	0.3827462440765983
GSM519304	0.4585867897344278
GSM519305	0.42948846645306804
GSM519306	-2.574502898047661
GSM519307	-1.4694703274696663
GSM519308	-1.2353190649125065
GSM519309	-0.5873580203061499
GSM519310	-1.2765000379986473
GSM519311	-1.6461085159719453
GSM519312	0.8305710337720327
GSM519313	-1.627921420928174
GSM519314	-1.973229172337669
GSM519315	0.8981430814598812
GSM519316	-1.5866876014597384
GSM519317	-1.6044915973760778
GSM519318	-1.1515930893863047
GSM519319	-1.2364128444866418
GSM519320	-1.373018880911553
GSM519321	-1.8536178692195213
GSM519322	-0.9401594403033295
GSM519323	-1.9537963173229262
GSM519324	-0.7233611338005674
GSM519325	-1.003853727175936
GSM519326	-1.9941206500738213
GSM519327	-1.2002072455117934
GSM519328	-0.9521274412139675
GSM519329	-1.6216963698745237
GSM519330	-2.2234034920421033
GSM519331	-1.5807498513856033
GSM519332	-0.20294552808246014
GSM519333	0.5053717559672579
GSM519334	-1.4601154892057573
GSM519335	-2.199203159578431
GSM519336	-1.2484231834414252
GSM519337	-1.582180883245326
GSM519338	-2.155940979969603
GSM519339	-3.0985485693729773
GSM519340	-2.1025437137988896
GSM519341	-0.582969435017191
GSM519342	-0.7495619723834899
GSM519343	-0.48971252495136963
GSM519344	-0.6442351655336596
GSM519345	-0.9772596054744833
GSM519346	-0.3689707721869442
GSM519347	-0.9515780315090661
GSM519348	-1.3190654992657658
GSM519349	-1.5889616346331736
GSM519350	-1.0868320368852131
GSM519351	-1.7337491911431975
GSM519352	-2.1610806524882618
GSM519353	-2.3020163405461753
GSM519354	-1.2880172537757184
GSM519355	-1.0840314562207691
GSM519356	-1.1056273090804332
GSM519357	-0.7098785006126518
GSM519358	-2.750302505537758
GSM519359	-1.035419697206315
GSM519360	-1.0660718657119612
GSM519361	-0.7667440179912157
GSM519362	-0.267163322035608
GSM519363	-1.403850667038485
GSM519364	-2.4087092053634978
GSM519365	-2.015600976666224
GSM519366	-2.044360867296116
GSM519367	0.14947061170936315
GSM519368	-1.584892267747849
GSM519369	-1.2703365202393067
GSM519370	-0.8517916359006545
GSM519371	-0.31068439499648104
GSM519372	-0.34916425620623426
GSM519373	0.27884213401443714
GSM519374	-2.1194456622559583
GSM519375	-0.954399322111195
GSM519376	-2.6604338821504823
GSM519377	-2.362166105415535
GSM519378	-0.8981532837604072
GSM519379	-2.149726047355845
GSM519380	-0.5164122879077717
GSM519381	0.5854000725586708
GSM519382	-0.9614663936465302
GSM519383	-1.6670851983196955
GSM519384	-0.7866785504165991
GSM519385	-1.4045066025413588
GSM519386	-0.9258583267273539
GSM519387	0.40784167410569827
GSM519388	-0.5991809765395133
GSM519389	-0.8668348318876467
GSM519390	-3.112418751314891
GSM519391	-1.9520807581390534
GSM519392	-0.6715004114371974
GSM519393	-1.6941806203503023
GSM519394	-1.4147767083185596
GSM519395	-1.555165609837143
GSM519396	-0.208033796996548
GSM519397	-1.8825285600023078
GSM519398	-0.32640074174229805
GSM519399	0.7557342816030748
GSM519400	-1.3642779778212624
GSM519401	-1.064504581294996
GSM519402	-0.8000141146960147
GSM519403	-1.6098199176873391
GSM519404	-0.5732395113118713
GSM519405	-0.4124270854527452
GSM519406	-1.888950499457412
GSM519407	-1.945443955632401
GSM519408	-2.179907302337606
GSM519409	-1.532427826777649
GSM519410	-0.881174175713805
GSM519411	-2.5601876381992215
GSM519412	-0.2789009400416338
GSM519413	-1.0629413795436422
GSM519414	-0.9732864073175849
GSM519415	-0.5230773713990371
GSM519416	-1.2016405225326419
GSM519417	0.11583114120822735
GSM519418	-1.0118079000824853
GSM519419	-0.8131959639288567
GSM519420	-0.29496714626475895
GSM519421	-0.18860968167919534
GSM519422	-1.530425584370848
GSM519423	-1.6275085520656511
GSM519424	-1.3362240233091733
GSM519425	-1.8858689544952945
GSM519426	-2.3489208727284927
GSM519427	-2.575457093775384
GSM519428	-1.2995226831340034
GSM519429	-2.6557503071582462
GSM519430	-1.9982727569509735
GSM519431	-1.4775408142802677
GSM519432	-2.586725363094583
GSM519433	-1.4488620985490401
GSM519434	-1.469416331498835
GSM519435	-0.6759376882923693
GSM519436	-2.1637655458309166
GSM519437	-2.035403874997412
GSM519438	-1.7065911432827479
GSM519439	-0.8848880037286375
GSM519440	-1.1252389904757687
GSM519441	-2.282866800810572
GSM519442	-2.546197077175155
GSM519443	-2.238585519868826
