patientId	risk
MB-0000	2.0710687534778116
MB-0002	1.469014919132161
MB-0005	1.1870224149599127
MB-0006	0.26249219206915153
MB-0008	1.5236940104581678
MB-0010	0.8716698690525605
MB-0014	-0.7848375050886119
MB-0020	2.3330589227133545
MB-0022	0.11637812849190868
MB-0028	1.4751369796555773
MB-0035	0.5629434424768236
MB-0036	0.47034233958824523
MB-0039	0.7084562841269708
MB-0045	2.302582452547352
MB-0046	2.0993490681850733
MB-0048	0.3551325249328505
MB-0050	1.4901929099210898
MB-0053	0.40342704395036744
MB-0054	0.6400370601134239
MB-0056	0.0918893415344954
MB-0059	1.415245745897052
MB-0060	2.1079465890802145
MB-0062	0.5996652877958115
MB-0064	2.0565080036986676
MB-0066	1.389131037543129
MB-0068	0.5325506533597668
MB-0071	0.29595365321303896
MB-0079	2.374513761973084
MB-0081	0.5573861522560493
MB-0083	0.09645744733441176
MB-0093	-0.09462678717774807
MB-0095	0.2764642353804822
MB-0097	1.3914660510214978
MB-0099	0.24624236538458671
MB-0100	3.5922845672068218
MB-0101	1.315868927942344
MB-0102	0.8452446982642
MB-0106	0.200881118963776
MB-0107	2.0072799648959836
MB-0108	1.0190951166770583
MB-0109	2.5162947398866304
MB-0110	3.09218429414643
MB-0111	-0.20721578284249476
MB-0112	0.42059721948146644
MB-0113	0.9788354738725189
MB-0114	0.9258036316194156
MB-0115	2.7889097323425522
MB-0116	0.7714595016079746
MB-0117	1.2074414834372291
MB-0119	2.2938342866008026
MB-0120	0.8624099872413902
MB-0121	0.42151994587568425
MB-0122	-0.3520599949887243
MB-0123	1.6296238036630735
MB-0124	0.643254234835349
MB-0125	-0.007542937908760424
MB-0126	0.26599487967277646
MB-0127	1.524637095070298
MB-0128	1.0433462626976173
MB-0129	0.949586970124571
MB-0130	1.5419780161956365
MB-0131	-0.8747727906586513
MB-0133	-0.12169907592053403
MB-0134	2.081268969582257
MB-0135	0.7717878001105064
MB-0136	0.46026745199828123
MB-0138	0.8822846087779905
MB-0139	0.47060559921902384
MB-0140	-0.36298512849129283
MB-0142	0.7566755854907754
MB-0143	1.4907459320488055
MB-0144	0.5543798753789458
MB-0145	0.026613301052505162
MB-0146	0.8411051824330096
MB-0147	2.0505445896773544
MB-0148	2.183832938894705
MB-0149	4.100721714143051
MB-0150	2.377273590488245
MB-0151	1.4589707771363236
MB-0152	2.3290128128210705
MB-0153	4.441557062939376
MB-0154	0.4112697664086465
MB-0155	0.5105462562736003
MB-0156	1.82792087777691
MB-0157	2.551757753412806
MB-0158	2.746403718715733
MB-0159	2.351572922196955
MB-0160	1.9466239537650178
MB-0162	0.7391444477179858
MB-0163	2.1792347264647
MB-0164	2.4525251282108784
MB-0165	2.205986921539181
MB-0166	1.8130762569475543
MB-0167	1.9428216378396748
MB-0168	1.2694137163719876
MB-0169	1.7864481257319926
MB-0170	-0.2803203210311027
MB-0171	1.4713800522861973
MB-0172	0.6904359458780467
MB-0173	1.815045102070505
MB-0174	2.7433926368224677
MB-0175	-0.14186104723084392
MB-0176	2.2013652627394675
MB-0177	0.14647115770613398
MB-0178	2.710402893084803
MB-0179	2.2304905075573704
MB-0180	-0.6979921897270446
MB-0181	1.5996510998035876
MB-0184	1.765419718967082
MB-0185	2.5492064683422773
MB-0188	1.1012918142966168
MB-0189	0.40031422062157546
MB-0191	3.96703386723099
MB-0192	0.7424117826910834
MB-0193	0.8171708861813017
MB-0194	0.4705408709256716
MB-0195	1.5748160710713681
MB-0197	0.9025916182400664
MB-0198	1.494958388548878
MB-0199	0.620076365985105
MB-0200	4.766843821031838
MB-0201	3.1521838627082146
MB-0202	1.1723662177833392
MB-0203	2.758155008534845
MB-0204	0.5500870958826086
MB-0205	1.2830435502226973
MB-0206	1.8981120749074643
MB-0207	0.6919627280162335
MB-0209	0.22032480396698484
MB-0210	0.23795516149618887
MB-0211	1.3241419525029352
MB-0214	1.5169194652538425
MB-0215	1.1441601942846535
MB-0218	0.658981386103993
MB-0220	1.8730675573385964
MB-0221	1.7872332013199244
MB-0222	0.987452625861059
MB-0223	0.7398277048166128
MB-0224	0.6447729987811581
MB-0225	0.8526582335131336
MB-0226	0.3143097675829827
MB-0227	1.3366367046294112
MB-0228	0.8058624945550226
MB-0229	1.3571049688035415
MB-0230	1.1643271158155983
MB-0231	1.2258405429891759
MB-0232	0.3349214754537242
MB-0233	1.5314621601936722
MB-0234	-0.28467654780996576
MB-0235	-0.8359560210239887
MB-0236	0.6814464899117748
MB-0238	2.447321980718311
MB-0239	0.6513760027453149
MB-0241	0.0533420709964447
MB-0242	0.04391592000278599
MB-0243	0.03812878039207632
MB-0244	1.0283563542377456
MB-0245	1.2930483713159104
MB-0247	1.2224276610418625
MB-0248	0.8738507767330286
MB-0249	2.2367514000392013
MB-0253	1.377482518658122
MB-0256	-0.8581581827911262
MB-0257	-0.04123502706614214
MB-0258	0.4228867032698096
MB-0259	5.0877165357029135
MB-0260	-0.673915642501107
MB-0261	0.6255811508148755
MB-0262	0.6900660956765943
MB-0263	0.6086514412495672
MB-0264	-0.04317823496915412
MB-0265	2.7820006803310515
MB-0266	0.23727097643204173
MB-0268	1.2152138583086434
MB-0269	1.5678563491965551
MB-0270	0.391004782883302
MB-0272	0.9823212120131227
MB-0273	0.7861572830174677
MB-0275	1.01352584214245
MB-0278	4.334229001367187
MB-0279	0.7403853672689673
MB-0280	1.0387692807954323
MB-0281	1.086573753083714
MB-0282	0.2136681436376609
MB-0283	2.1179541554591217
MB-0284	2.694751675715861
MB-0285	0.6519004534807707
MB-0286	0.1531790540968941
MB-0287	1.874972788101164
MB-0288	1.2156760601334298
MB-0289	0.7872656179281553
MB-0290	-0.8212146896769447
MB-0291	0.706213560892243
MB-0292	3.0966881431178903
MB-0293	1.3273512431572856
MB-0294	1.5662639413569595
MB-0295	0.21322824866488135
MB-0299	3.1861784531885435
MB-0301	0.9355262566956031
MB-0302	1.0128752011714628
MB-0303	1.483795477224102
MB-0304	1.3083579449738345
MB-0305	1.283674168070953
MB-0306	0.7204426179698217
MB-0307	0.9197431770977992
MB-0308	-0.16304878598509628
MB-0309	0.0807024212771342
MB-0310	0.9564748217283578
MB-0311	0.689705728387932
MB-0312	1.6202144080979466
MB-0313	0.9394307765884355
MB-0314	2.492108464458561
MB-0315	-0.5662693168021699
MB-0316	2.3641117491537726
MB-0317	1.1342252058071436
MB-0318	4.451005847861043
MB-0319	-0.3527192194055267
MB-0320	0.6833374884337243
MB-0321	-0.2147385168806252
MB-0322	1.2987662966081428
MB-0324	3.022758592297424
MB-0325	3.38039734278071
MB-0327	-0.4024830606942403
MB-0328	1.408379712920154
MB-0333	3.4349562838455134
MB-0336	1.31768034071682
MB-0339	0.3558681324551848
MB-0340	1.8974807142412313
MB-0341	-0.1791530498241984
MB-0342	1.3537612934734888
MB-0343	0.6228177283787999
MB-0344	-0.13601659758184373
MB-0345	1.6668727284635336
MB-0346	2.992132736465746
MB-0347	1.4292348640786556
MB-0348	1.2130272981129204
MB-0349	1.2674117315903877
MB-0350	4.540421672328075
MB-0351	0.408499913178009
MB-0352	0.9206350770029145
MB-0353	1.4392951978911535
MB-0354	1.404191542557723
MB-0356	0.8758160233867958
MB-0358	2.284087156969509
MB-0359	0.5735716183979696
MB-0360	1.249571972899523
MB-0361	2.8626753558237126
MB-0362	0.8948041725542653
MB-0363	1.2306822359889482
MB-0364	0.12949450339020924
MB-0365	0.9027783238874958
MB-0366	0.7935280117167164
MB-0367	0.273830130351368
MB-0368	1.4944287932579707
MB-0369	1.2760041012050944
MB-0370	2.4616470849396586
MB-0371	1.1820334699526498
MB-0372	2.5091110113286366
MB-0373	2.523016680666263
MB-0374	2.347672429261109
MB-0375	2.417786887171339
MB-0377	0.6564084154506252
MB-0378	2.9653485611603574
MB-0379	0.9593151401198384
MB-0380	0.6176619534107886
MB-0381	1.5378681686013702
MB-0382	0.37584183125500076
MB-0383	1.4577112130785908
MB-0384	1.160884108576254
MB-0385	2.7274470189923647
MB-0386	0.7112437228214585
MB-0388	1.1941332181261384
MB-0389	0.9651381081331822
MB-0390	2.30336462754609
MB-0391	1.916110650472676
MB-0392	2.176437329249533
MB-0393	2.0822896166691423
MB-0394	-0.19610280640328678
MB-0395	0.9310273043449738
MB-0396	2.2012381597551975
MB-0397	0.3485028645569041
MB-0398	1.0553463277157087
MB-0399	1.9712925888749926
MB-0400	2.674887195207373
MB-0401	1.8235514878023908
MB-0402	0.9901579187246632
MB-0403	-0.13299487090936268
MB-0404	0.18853420677507696
MB-0405	1.6842948711939467
MB-0406	0.8995960777786062
MB-0408	0.647204443188037
MB-0410	1.091678769420424
MB-0411	0.8558783429935856
MB-0412	1.6051163356985594
MB-0413	0.3441907394270436
MB-0414	2.632320231485795
MB-0417	0.982763894826052
MB-0418	0.7691859644812724
MB-0419	0.4787164579423828
MB-0420	2.979652096059626
MB-0421	0.6482882786149362
MB-0422	0.6117948149587695
MB-0423	1.331029700911261
MB-0424	0.7279784838408473
MB-0425	0.5092510799225303
MB-0426	0.8000104253961265
MB-0427	2.014871201258876
MB-0428	0.9468011650754535
MB-0429	2.1706195524619734
MB-0431	1.1213617000490501
MB-0432	-0.09190184389213336
MB-0434	0.8196852744476485
MB-0435	1.2991529369155823
MB-0436	2.1755382845097957
MB-0437	1.1150237857692409
MB-0438	1.044749979367566
MB-0439	2.082339599533295
MB-0440	2.2421675309861984
MB-0442	-0.2947061553255137
MB-0443	0.6667293061208655
MB-0444	1.0212979396907826
MB-0445	0.9484553332694254
MB-0446	1.4153750057510495
MB-0448	2.3386412229569795
MB-0449	0.6916674912814077
MB-0451	-0.3161447595160035
MB-0452	0.871280667232932
MB-0453	1.839876753420091
MB-0454	1.288106003092743
MB-0455	1.380795331067259
MB-0458	1.370214391396547
MB-0459	0.6946554022631667
MB-0460	1.1357637160290674
MB-0462	0.28924859913856354
MB-0463	0.3742607659155168
MB-0464	2.1056031715962025
MB-0465	1.041910055527937
MB-0466	1.8234779430382413
MB-0467	3.284609722654853
MB-0468	2.8812784205651805
MB-0469	2.188404072172468
MB-0470	4.4857627217919696
MB-0471	2.2650005089384493
MB-0472	0.7828649369746425
MB-0474	1.8239167745022284
MB-0475	0.8459229484187655
MB-0476	0.4729008273324321
MB-0478	0.75335078701052
MB-0479	2.680860751446944
MB-0480	-0.4803721659697282
MB-0481	2.9520925824204745
MB-0482	1.8891273523375676
MB-0483	2.114324739667299
MB-0484	0.09824801120520017
MB-0485	0.6123750111356723
MB-0486	0.7054692353071029
MB-0487	1.0481981915726406
MB-0488	1.921701023810786
MB-0489	2.5999887360822957
MB-0490	1.6551987384760356
MB-0491	0.854569333736518
MB-0492	1.0591194932724457
MB-0494	1.897042293768212
MB-0495	1.4224410860347856
MB-0496	0.643745638953206
MB-0497	0.21737111499161346
MB-0499	0.2399666740758111
MB-0500	4.216874708139686
MB-0501	1.0001015300923477
MB-0502	0.14197318387925037
MB-0503	0.7985351151890947
MB-0504	0.14457150889313167
MB-0505	0.6894299971911124
MB-0506	1.7778003964268791
MB-0507	-0.010244095251033683
MB-0508	0.20074022454095317
MB-0509	1.970029115864074
MB-0510	1.375486203183391
MB-0511	2.0106140217460124
MB-0512	0.43790696284763697
MB-0513	1.7543869028582626
MB-0514	0.35190043077993327
MB-0516	2.1049098975015985
MB-0517	0.6308790089090058
MB-0519	2.2611371009189605
MB-0521	0.963867701382395
MB-0522	1.579155319793764
MB-0524	1.2174902821721723
MB-0525	3.589579533573746
MB-0526	1.8350012284204418
MB-0527	1.064543991804801
MB-0528	1.1834211101159975
MB-0529	1.097229273578316
MB-0531	2.4011845884847216
MB-0532	0.8207129737823196
MB-0534	1.2852020639820978
MB-0535	1.8440018885293876
MB-0536	1.210315577641023
MB-0537	0.6796273893163626
MB-0538	0.6264082209975868
MB-0539	2.604786434979726
MB-0540	2.3940618861159235
MB-0541	0.9111156213022797
MB-0542	2.3807791723136225
MB-0543	2.7574218221166755
MB-0544	0.4211964324813793
MB-0545	1.646046605977279
MB-0546	0.7783068468073426
MB-0549	1.3787212618302251
MB-0550	1.2630002187772158
MB-0551	1.3612003983113348
MB-0552	1.0706415586628182
MB-0553	1.3876189647046018
MB-0554	0.3329974224449236
MB-0558	1.9691862957530104
MB-0559	0.37986519311584105
MB-0564	0.8014033381858185
MB-0568	0.3251865360465312
MB-0569	1.2515195145760114
MB-0570	0.7580618589822015
MB-0571	1.0769020321200677
MB-0573	1.8956070830521787
MB-0574	1.638051827811459
MB-0575	1.648713725617941
MB-0576	2.429264347263533
MB-0577	0.7200768122015672
MB-0578	0.7206147301117478
MB-0579	1.3385725846786884
MB-0580	1.7881600575451926
MB-0581	2.154384952667398
MB-0582	3.5490128451773417
MB-0583	-0.252133873418931
MB-0584	1.368394111872211
MB-0585	1.1240751114561869
MB-0586	0.986177635689394
MB-0587	0.09454839269864698
MB-0588	1.234683955574524
MB-0589	1.036632186247798
MB-0590	1.9159661239356838
MB-0591	0.6422936114002387
MB-0592	0.2673617447001863
MB-0593	2.579719377337607
MB-0594	1.271110701904928
MB-0596	0.23937165842809702
MB-0597	0.3432089517926099
MB-0598	1.7913919279562895
MB-0599	1.1496324077226021
MB-0600	1.7236217968827665
MB-0601	1.8044442278173347
MB-0603	0.31450792605046257
MB-0605	0.5527975022204905
MB-0606	1.182399486565706
MB-0607	1.9653344988707524
MB-0608	2.220003171015482
MB-0609	0.5029442838320718
MB-0610	-0.6514637094386522
MB-0611	2.1133851161627977
MB-0613	2.443977451963387
MB-0614	0.8005754428849641
MB-0615	1.7874208161097531
MB-0616	0.4394140784222256
MB-0617	1.1911381035011732
MB-0618	0.10448436597286742
MB-0619	1.6760421474014853
MB-0620	1.2144063365465716
MB-0621	0.9346179449472282
MB-0623	0.3156527266986987
MB-0624	0.2839133100032226
MB-0626	0.7931792484680718
MB-0627	0.8979702466190785
MB-0628	1.3368685632974253
MB-0630	3.50169389379455
MB-0631	1.2712964712235608
MB-0632	0.15507979091757698
MB-0634	0.2615927592541546
MB-0635	-0.9315351578921476
MB-0636	1.4555940815296255
MB-0637	2.0026013055354177
MB-0638	0.41212714989514004
MB-0639	3.2409828626938166
MB-0640	0.6511013491993498
MB-0641	0.902235968042567
MB-0642	1.6271424228935853
MB-0643	2.0352646837672665
MB-0644	0.7848323789802807
MB-0646	0.9092148637866423
MB-0649	0.33994034863044614
MB-0650	1.7117733513961944
MB-0652	0.8692751260609679
MB-0653	1.6784915634935276
MB-0654	0.5135579494797887
MB-0655	0.7648641063576936
MB-0656	1.6803914239132807
MB-0657	0.19910333153457532
MB-0658	2.526570106559283
MB-0659	2.6462763548584585
MB-0660	2.7488774129330023
MB-0661	0.45328784423803065
MB-0662	2.2067383625681725
MB-0663	1.5586489282517484
MB-0664	2.987039307711595
MB-0666	2.1044749793588
MB-0667	1.985548585918764
MB-0869	3.3786999340117645
MB-0872	1.2128718889401637
MB-0874	4.617310254017744
MB-0876	1.2868040527133429
MB-0877	0.4016751576784741
MB-0880	-0.008672960159204504
MB-0882	0.5867555642822858
MB-0884	1.5602304881681601
MB-0885	2.049947461731029
MB-0891	0.6330100630120903
MB-0893	-0.19311154177820766
MB-0895	2.4681142542535586
MB-0897	0.3196712584060264
MB-0899	1.0321898915943326
MB-0901	3.521610148641098
MB-0904	1.2091398222170915
MB-0906	1.6470966227389883
MB-0907	1.6141831089481447
MB-2513	0.20006824765551579
MB-2517	1.6512860211651499
MB-2536	-0.11983928528223725
MB-2556	0.522685437754316
MB-2564	0.2888873515001413
MB-2610	-0.14702728586428082
MB-2613	0.18211134546499208
MB-2614	0.41300629171734904
MB-2616	0.9485040604506173
MB-2617	0.2628911140837484
MB-2618	1.3934703619333588
MB-2624	0.1927330007069584
MB-2626	0.9035932385692718
MB-2629	0.8660707063193853
MB-2632	3.2316011691551108
MB-2634	1.6356226762135153
MB-2642	3.2606237141426435
MB-2643	0.9880365474257634
MB-2645	2.9541814384003144
MB-2669	0.6132991149221163
MB-2686	2.043216539655093
MB-2705	0.6850292758820465
MB-2708	1.3027461618251046
MB-2711	0.6406625941761557
MB-2712	0.10254543614687908
MB-2718	2.2821751867066036
MB-2721	1.097666719730478
MB-2724	2.448370004086401
MB-2725	1.1970193280637462
MB-2728	1.1213275720351115
MB-2730	1.1674859113439864
MB-2735	1.4319273661337082
MB-2742	3.022098886461904
MB-2744	1.3786615702851643
MB-2745	1.4389429226210637
MB-2747	0.6429173347384414
MB-2749	0.6575324764010942
MB-2750	0.7727449173815041
MB-2752	2.0870359775229153
MB-2753	4.302417597633578
MB-2754	1.4407630731028744
MB-2758	2.792260103691628
MB-2760	0.8422706532336701
MB-2763	1.3134163870092517
MB-2764	1.2682903036813178
MB-2765	0.1318217880262174
MB-2767	0.7590443831171658
MB-2769	0.9721888721046013
MB-2770	0.48645229066083473
MB-2771	3.654894175484844
MB-2772	1.0917275344389754
MB-2774	0.4285809614905303
MB-2778	0.609661740244577
MB-2779	0.5997479923259034
MB-2781	2.6007117212037785
MB-2786	1.2038868815005404
MB-2790	0.6591692235762624
MB-2791	1.551704742176748
MB-2792	1.320885515656502
MB-2793	0.5522178946209564
MB-2795	1.2481485445091902
MB-2796	0.8710594220483902
MB-2797	1.1418077589878424
MB-2801	1.4045345967648284
MB-2803	0.9550235447950784
MB-2814	0.8029181510745502
MB-2815	1.5518834914723691
MB-2819	0.04424840178139219
MB-2820	1.140208856636213
MB-2821	1.02622328812841
MB-2823	1.0753858343073022
MB-2827	3.382405446144265
MB-2833	1.7385065013753667
MB-2834	2.6176644913269618
MB-2835	0.25560623634783797
MB-2838	1.6777182621883038
MB-2840	-0.40899804923079003
MB-2842	2.7503444998465967
MB-2843	0.978392272549401
MB-2844	1.8407184423755583
MB-2845	0.12845265349514023
MB-2846	1.5764238766479706
MB-2847	2.885442792064649
MB-2848	0.8902052146988939
MB-2849	2.3555867435618225
MB-2850	0.9396415432492565
MB-2851	0.5750629029075941
MB-2853	2.3726927183448834
MB-2854	0.7813028073828564
MB-2857	1.0387660844888413
MB-2858	1.1974086142972447
MB-2863	0.2392389980741832
MB-2867	0.619838985868055
MB-2895	2.334088405205106
MB-2896	-0.4482274368215908
MB-2900	0.900224745722985
MB-2901	1.4560635432481697
MB-2904	2.8400729752039857
MB-2912	1.5536646480310723
MB-2916	0.6336184364095184
MB-2917	1.4434248674735377
MB-2919	0.6334922469252924
MB-2922	2.4470584099899733
MB-2923	1.4175209068380579
MB-2927	0.9381090192216411
MB-2929	1.482963228366814
MB-2931	0.3750657673982193
MB-2932	2.0244582672133484
MB-2933	-0.4031304545386437
MB-2939	1.5587707080281028
MB-2944	0.6076009074043858
MB-2947	0.3939110568089858
MB-2951	0.1625466322362536
MB-2952	-0.41225902693023636
MB-2953	1.4430041807049652
MB-2954	0.29074008085855435
MB-2957	2.1449561173530287
MB-2960	0.9023705425881404
MB-2963	0.9619692529651713
MB-2964	2.3723032199236216
MB-2966	0.809502671284202
MB-2969	0.3777383878224207
MB-2970	0.6465472923814789
MB-2971	-0.65850073577631
MB-2977	0.6629290293062792
MB-2983	1.1939399110217364
MB-2984	1.816626973213851
MB-2990	0.6532579720288212
MB-2993	1.21629932036607
MB-2994	0.4939236580830057
MB-2996	-0.2397903964457073
MB-2999	2.7305812560091907
MB-3001	2.1552418444603343
MB-3002	0.6630209382084059
MB-3005	0.919091030822582
MB-3006	0.976467354479195
MB-3007	2.481938913472906
MB-3008	0.30519605561908747
MB-3013	0.4865558013328438
MB-3014	3.0920352504835122
MB-3016	0.5693174549481146
MB-3021	0.85381341769611
MB-3025	3.4376136733924234
MB-3026	0.647955901372971
MB-3028	0.744329332684419
MB-3031	0.8281308697755592
MB-3032	0.10549029178539045
MB-3033	0.6279903824751776
MB-3035	0.8619462765212107
MB-3037	0.20881440441575874
MB-3046	2.2055747697412817
MB-3049	1.3744967669357686
MB-3050	1.4096639264941289
MB-3057	2.682688255622203
MB-3058	0.641359398000128
MB-3060	0.36805328885329347
MB-3062	3.439946363596604
MB-3063	3.4825594447807804
MB-3064	1.5478142841802232
MB-3067	2.616455659407668
MB-3079	0.570362295314305
MB-3083	1.8168694273502441
MB-3085	1.5002968380234594
MB-3088	1.8578746818125833
MB-3092	0.8295282130989213
MB-3102	1.1357751994239464
MB-3103	1.4321685847306271
MB-3104	1.8190792602569477
MB-3105	1.6011676719762427
MB-3110	0.358302965416033
MB-3121	0.478160379760166
MB-3122	1.8757074388397659
MB-3123	3.2861149078498846
MB-3153	2.583533826042313
MB-3165	4.520292836541132
MB-3167	1.652441286634641
MB-3171	0.8968878427709576
MB-3181	-0.32243294997437555
MB-3211	2.3902167145075266
MB-3218	2.9841930110245825
MB-3222	0.15589565802681685
MB-3228	0.07365855550891476
MB-3235	2.0780996867987924
MB-3252	1.445859670419582
MB-3253	1.7735965873007455
MB-3254	0.5824284517740103
MB-3266	1.0868888950514082
MB-3271	2.5414767057037224
MB-3272	2.2758828194077587
MB-3275	2.054884741427818
MB-3277	2.404285870806341
MB-3292	2.8613920511640267
MB-3295	0.826529790500586
MB-3297	1.8344761177659707
MB-3298	0.460462591882144
MB-3300	0.5151209032088614
MB-3301	0.36112070823687337
MB-3303	0.5574615319756577
MB-3328	-0.6398951555039565
MB-3329	2.572586838293228
MB-3341	1.7748581384787374
MB-3344	1.697467058473586
MB-3350	0.7099073982106217
MB-3351	0.3255733163205297
MB-3355	2.775158779902912
MB-3357	1.4828368805013579
MB-3360	1.7690687136312309
MB-3361	2.3202280257906494
MB-3363	2.210214765010697
MB-3365	2.2727642768783753
MB-3367	2.715373356747681
MB-3371	1.1628705959401797
MB-3378	0.037199961181431984
MB-3379	0.17894414905464745
MB-3381	1.8474020351783202
MB-3382	0.8639968275010714
MB-3383	3.1885179698360733
MB-3386	2.80336062370874
MB-3388	1.783495761475405
MB-3389	0.4100516791059492
MB-3395	1.7557162620496127
MB-3396	1.6926513912115881
MB-3402	1.3961480021554922
MB-3403	0.6348566430643551
MB-3412	0.04589916789176558
MB-3417	1.5137108262176158
MB-3429	0.8666995856653135
MB-3430	1.5788421671510025
MB-3435	0.994715582071892
MB-3436	2.7931350700918243
MB-3437	1.3902658193020432
MB-3439	0.9754082033150445
MB-3450	0.3906018883342818
MB-3452	1.7139091711773615
MB-3453	2.2044004710819936
MB-3459	0.9985072699623504
MB-3462	1.5311799855214425
MB-3466	1.2246687812117496
MB-3467	2.5430813680240845
MB-3470	1.9080225056799223
MB-3476	1.4860036593284802
MB-3479	1.0308774067913797
MB-3487	2.4328009989732813
MB-3488	1.556786730789019
MB-3490	1.2546440453780054
MB-3492	0.48161140484956394
MB-3497	2.593901427285896
MB-3500	1.3929181347561894
MB-3502	1.5129475426029806
MB-3506	1.5547859859919684
MB-3510	0.7553651859243856
MB-3525	0.7615981401188703
MB-3526	1.303894229294459
MB-3528	1.5587557044141416
MB-3530	0.22365844782094255
MB-3536	1.573807714713747
MB-3545	1.5764276013816683
MB-3547	1.1197811723396074
MB-3548	0.9866169436557753
MB-3556	2.047736176686581
MB-3567	2.1007423158758844
MB-3576	0.7369175543295071
MB-3582	0.6180588916099226
MB-3600	2.119383212914466
MB-3606	2.7147543660830427
MB-3614	2.201146751578345
MB-3702	2.5510550947068364
MB-3706	1.7101289263178836
MB-3707	1.123210798950649
MB-3711	0.5812036027637792
MB-3748	1.0105279279907884
MB-3752	1.636910625260695
MB-3754	1.4527784910316373
MB-3781	0.18446573112049527
MB-3797	2.0714171412744293
MB-3823	-0.14753521346815002
MB-3824	0.767854033507169
MB-3838	1.9913930457420825
MB-3840	0.81059780804315
MB-3842	2.155122245777902
MB-3850	0.28537549617243274
MB-3852	1.5227901868407838
MB-3854	1.8375551482798258
MB-3865	0.48440960114780945
MB-3866	3.037770169772005
MB-3871	0.19648447854448142
MB-3874	1.6821280079463143
MB-3978	0.753225962308286
MB-4000	1.2706651316807014
MB-4001	2.0583106190880605
MB-4003	1.9135304228871086
MB-4004	1.1915313021302787
MB-4005	1.4057115813352887
MB-4008	1.5929599425176932
MB-4010	3.17351340017742
MB-4011	0.978462621138474
MB-4012	1.229501104590238
MB-4015	2.167760776774631
MB-4017	1.1682383409458155
MB-4018	1.1878096978452144
MB-4024	2.447163130164728
MB-4033	1.6848699689859032
MB-4046	1.5620733514747644
MB-4059	1.0228880991241824
MB-4079	1.7439914533988075
MB-4091	0.9010884265749511
MB-4098	2.250564426551455
MB-4119	2.6877828040631333
MB-4120	0.7874629296904931
MB-4126	2.31658622506293
MB-4127	2.7753469150634147
MB-4139	0.9450792304559185
MB-4140	0.005471358578470811
MB-4141	1.1713278337874233
MB-4145	2.1431722072019177
MB-4146	2.967667972506726
MB-4148	1.644534118175127
MB-4154	1.2334846482504482
MB-4171	1.5933556247690828
MB-4173	0.0703321571117504
MB-4189	3.224848284340675
MB-4212	1.350347071013358
MB-4213	1.2349446360642158
MB-4222	1.792370911469713
MB-4224	2.1973301470856312
MB-4230	1.266020035500535
MB-4233	2.160545005671689
MB-4234	1.7124997596953198
MB-4235	3.556456111178207
MB-4236	2.021220193241743
MB-4250	1.8679080726668784
MB-4254	1.000652996092346
MB-4264	1.842536282335739
MB-4266	3.2094908928314263
MB-4270	3.197849059603435
MB-4274	1.3397255184816803
MB-4276	2.857335501740494
MB-4278	1.1153016250265717
MB-4281	1.2646672365937224
MB-4282	0.06270720208737754
MB-4283	1.0583818723877998
MB-4289	-0.320161929606446
MB-4292	0.5362117675461261
MB-4293	0.7142115216122692
MB-4298	0.8199514393909982
MB-4300	2.5717522117399767
MB-4303	3.478818248287797
MB-4306	1.805128355090502
MB-4310	1.8590524686552778
MB-4313	1.3515153808109055
MB-4317	3.0573298870611656
MB-4318	1.9681573492870503
MB-4322	2.366758877748945
MB-4323	1.1725766259004533
MB-4324	1.5217949921911558
MB-4328	0.10620516479775156
MB-4329	1.0541040646228639
MB-4331	0.993113240911055
MB-4332	2.902734699433122
MB-4333	0.43642016747520307
MB-4339	0.5696671286280701
MB-4341	2.813548573831415
MB-4342	0.9304714190116284
MB-4343	1.6767291801654216
MB-4348	2.254239123616466
MB-4350	2.2216324416980098
MB-4351	3.1639778487828933
MB-4353	1.3099967477860472
MB-4354	2.076378654961126
MB-4357	1.7069264434137754
MB-4360	3.3529201218655733
MB-4362	1.2383644670828007
MB-4368	0.8302811968704247
MB-4374	1.1859064877160348
MB-4375	1.205147837167878
MB-4381	0.9510929305202946
MB-4390	0.35572269219235336
MB-4395	2.299767094977462
MB-4407	2.2194809566266933
MB-4408	3.354169208043304
MB-4416	2.4778192676008484
MB-4417	2.416118491761466
MB-4418	1.3367774895636289
MB-4421	2.1230249545701465
MB-4426	2.2496456629564725
MB-4434	1.3248534863648918
MB-4442	1.6049323389066255
MB-4484	1.050583060341062
MB-4529	0.24908756317675926
MB-4548	2.6614289704019294
MB-4557	1.1910421186416502
MB-4564	0.6490478885896076
MB-4578	0.4940577290635027
MB-4591	1.4820338868967928
MB-4593	0.08261971889363158
MB-4598	0.5794876159960123
MB-4599	0.5647658077850225
MB-4601	3.409501476681247
MB-4602	0.8631486154077868
MB-4603	1.5005964307763493
MB-4607	0.3831568547663238
MB-4616	-0.27897769804218686
MB-4618	0.33438641117536705
MB-4621	2.9445089909239224
MB-4622	1.620629239882173
MB-4623	1.2678266549388404
MB-4626	2.400269703085618
MB-4627	0.29171479488888524
MB-4630	0.8435271783357609
MB-4633	0.42685495907229126
MB-4634	0.5135412926983652
MB-4639	1.7359090188692328
MB-4640	2.1773013892887656
MB-4641	0.7448176785548711
MB-4642	1.8683849500868877
MB-4643	2.667767655622943
MB-4644	0.7520223946090917
MB-4648	1.9497689358184027
MB-4649	0.7571776991583281
MB-4651	3.145723310741804
MB-4653	2.4189559689531266
MB-4654	0.3692135226434999
MB-4655	1.7879518003931498
MB-4660	4.234110186060224
MB-4661	0.8761920307664488
MB-4663	3.575176760524831
MB-4665	0.629177258324176
MB-4666	1.7422228613353747
MB-4667	1.794947901772946
MB-4669	1.9447263425933605
MB-4670	0.8925371316894026
MB-4671	0.7827878747780725
MB-4672	1.3455645984912827
MB-4673	1.2106039294227449
MB-4674	0.35002173721495883
MB-4675	-0.44678239081164617
MB-4679	1.5464476250565338
MB-4681	0.4170757912370026
MB-4682	0.8376181972084964
MB-4685	2.507049573911839
MB-4686	1.3507475843130763
MB-4687	1.2297816553970413
MB-4688	0.44111638243752793
MB-4691	1.7913800589661935
MB-4692	0.8580444937718082
MB-4694	2.6235522514563785
MB-4695	0.849006298511881
MB-4696	3.0763111455685452
MB-4697	1.221005178053414
MB-4698	1.4150707236687872
MB-4701	1.3577409317870357
MB-4702	1.5577253774954198
MB-4704	0.5821787948121699
MB-4705	0.8667024592298251
MB-4706	1.0416374563767032
MB-4707	3.9209104746577146
MB-4708	0.24907025904154223
MB-4709	1.2625099800636896
MB-4710	0.9639003582724827
MB-4711	3.2098844972538947
MB-4712	1.4460988745209045
MB-4714	4.96655141817681
MB-4715	2.743596448087782
MB-4716	1.4824839237020633
MB-4717	3.0612496969138183
MB-4718	2.0617127854698096
MB-4719	-0.13780242974822315
MB-4721	0.12040596626537495
MB-4722	0.44689432900037446
MB-4723	2.079966618011923
MB-4724	2.3261462215917077
MB-4725	2.508007915352753
MB-4729	0.832355971320041
MB-4730	0.34998166506371825
MB-4731	2.7327402772469425
MB-4732	1.8400746652611806
MB-4733	2.80237456610914
MB-4735	1.3670685378736551
MB-4737	0.7553834289894776
MB-4738	1.2177237124685258
MB-4739	0.5216644813756195
MB-4741	-0.04309766924652929
MB-4742	0.3659654377314499
MB-4743	1.0019756943900484
MB-4744	0.04536704975901477
MB-4745	3.130442667480171
MB-4746	0.4156767647852082
MB-4749	0.35957342001676446
MB-4750	0.39437433668284044
MB-4752	1.1457402835988704
MB-4757	3.6621453162558644
MB-4758	2.3927452570684355
MB-4760	0.3112107787088821
MB-4762	0.0668085700125652
MB-4763	2.601385008020695
MB-4764	0.13451616302318056
MB-4767	1.541797222600249
MB-4769	3.4462506163459516
MB-4770	2.9218280894343716
MB-4771	0.7098446612101856
MB-4778	1.0674371326234193
MB-4779	-0.3755421178122982
MB-4782	2.6204178341841047
MB-4784	1.7252616047204505
MB-4785	1.5129254218033559
MB-4787	2.068767965085373
MB-4790	2.0641455618920457
MB-4791	0.8250064043504123
MB-4792	3.171500727177876
MB-4793	4.436260842445547
MB-4794	1.6681337647655916
MB-4796	1.9839611639730623
MB-4797	1.2210354679925794
MB-4798	1.1405316186734047
MB-4800	1.7214039599512918
MB-4801	1.1429882383945704
MB-4802	0.9109953930466647
MB-4805	1.8183665860037557
MB-4806	-0.4370773903941454
MB-4809	2.9560085627591093
MB-4814	2.5259321214892143
MB-4818	-0.33154845498325264
MB-4820	-0.21085960431753073
MB-4822	0.4403042336499485
MB-4823	2.881528160324286
MB-4825	0.21516634421621655
MB-4827	-0.4451887824163041
MB-4828	0.31473723044967106
MB-4829	0.6889086347477691
MB-4832	1.2087615128241989
MB-4834	2.3658761789175276
MB-4836	1.7052735885672676
MB-4838	2.799999851659904
MB-4839	0.3661720945212225
MB-4843	1.170329674503531
MB-4845	0.26789178500025446
MB-4846	1.330645570456301
MB-4849	1.657996100653515
MB-4851	0.956170292898041
MB-4853	1.0974923185142844
MB-4855	0.9697137489219722
MB-4858	1.671581752847632
MB-4859	1.3239529961382832
MB-4860	0.8048767200402046
MB-4862	2.274629426722394
MB-4865	2.4920946818078096
MB-4866	-0.12187274487175344
MB-4867	0.20361725961506497
MB-4869	0.34250443124126956
MB-4870	1.8420940068995673
MB-4871	2.6584381549676066
MB-4872	1.922782659944785
MB-4873	-0.21572605099929654
MB-4876	1.8960681079035002
MB-4878	0.5367413446950086
MB-4879	1.7268821050174588
MB-4880	2.3843155590587113
MB-4881	3.268707754456381
MB-4882	0.4604185862969754
MB-4883	1.0975244555511146
MB-4886	2.173526090699678
MB-4887	3.34937649352414
MB-4888	1.2667935783728048
MB-4893	1.8332406143814495
MB-4894	1.6338913185570667
MB-4896	2.5241928935736513
MB-4897	0.9520424725449461
MB-4898	0.46388834511546007
MB-4899	1.0977912229203781
MB-4900	1.447573919761152
MB-4904	2.0299203427943673
MB-4906	0.8834813144209738
MB-4908	1.4033812141993287
MB-4911	4.347046008443259
MB-4912	0.3246301678719126
MB-4925	1.0183186291567288
MB-4928	1.5059281320330504
MB-4929	1.6542784299797508
MB-4930	1.8370600465781786
MB-4931	2.042607241314006
MB-4933	2.248569674404646
MB-4934	1.3724435174902723
MB-4935	3.2322265098637293
MB-4937	1.3066373533588675
MB-4938	2.157029743520199
MB-4941	1.7085714814393704
MB-4942	3.521883652249973
MB-4944	0.5928224662163004
MB-4945	3.4708325915373965
MB-4949	2.662931651371877
MB-4950	1.4410868278069087
MB-4952	2.1764534317697084
MB-4956	2.885122761069392
MB-4957	1.4164129132144463
MB-4959	0.2712759567124757
MB-4961	0.15852401066796862
MB-4962	1.1680608108843031
MB-4965	0.3118024816055568
MB-4966	-0.501783527120118
MB-4967	0.7506102166042938
MB-4968	-0.2394464415113625
MB-4969	-0.23150550350933957
MB-4970	0.07121933543816983
MB-4974	1.701854954619355
MB-4976	-0.5646788688451118
MB-4977	1.0067020915110387
MB-4978	1.3593704560898883
MB-4981	0.22595164068352483
MB-4982	1.6856482083878126
MB-4986	1.1477723357693872
MB-4987	0.057327369678372354
MB-4991	1.6030457800377256
MB-4992	2.013774396673731
MB-4993	1.394825354899805
MB-4994	-0.6622415140949106
MB-4996	-0.07502248722145337
MB-4998	-0.3460943445598676
MB-4999	0.7335991562280778
MB-5001	-0.014377692661300628
MB-5004	1.1562010433524952
MB-5008	3.1806234713767014
MB-5011	-0.08104095187333038
MB-5013	-0.5990966187406607
MB-5014	0.025270533841585157
MB-5015	0.03410710064416332
MB-5017	0.3944007414402381
MB-5018	0.6818058974204673
MB-5019	1.8441051055517779
MB-5020	0.008768795677037228
MB-5022	1.4569919257916035
MB-5027	0.06840921264022055
MB-5033	1.4255723495628574
MB-5035	0.3587961314825124
MB-5039	1.8490033915907453
MB-5040	1.3046474831196333
MB-5041	0.7627717788117974
MB-5043	0.4612129293613425
MB-5044	1.0744987481225996
MB-5045	1.6796776939061138
MB-5048	0.8723411199108752
MB-5049	0.45065734114926775
MB-5050	-0.4526694326496273
MB-5052	0.9195662565974873
MB-5053	-0.5919226572241856
MB-5054	1.7288915295658311
MB-5057	1.8195984168918706
MB-5058	1.5883057227673918
MB-5059	-0.041335245232136185
MB-5060	-0.19179633277148572
MB-5061	1.5619252976954254
MB-5062	1.4258174258095897
MB-5063	3.165032071129323
MB-5064	1.7162757044584784
MB-5065	1.031629111481288
MB-5066	-0.6001563668550111
MB-5068	1.0079065717377207
MB-5070	1.0797618997518121
MB-5072	1.656108251555075
MB-5073	0.25476607605600954
MB-5074	0.6712005968456075
MB-5076	2.0044496073776474
MB-5078	2.354414839224305
MB-5079	-0.9541341705708377
MB-5081	0.8460313919521046
MB-5084	0.623026485854487
MB-5086	0.6121128535542346
MB-5088	0.7143708490658214
MB-5092	0.7191510435913653
MB-5093	1.88048199055283
MB-5097	1.15841848184931
MB-5098	2.0099378888250685
MB-5100	3.2190004359394746
MB-5101	1.6104253276493956
MB-5102	2.089178029000973
MB-5104	0.06788216890199028
MB-5105	0.004768582148775933
MB-5106	0.9167350211801024
MB-5107	1.6227249149076692
MB-5109	0.17662468369281945
MB-5110	0.5947397576221112
MB-5113	0.378742609764811
MB-5114	1.9445045925558913
MB-5115	3.3556336832811393
MB-5116	1.6995830276095416
MB-5117	0.01843260841847654
MB-5118	0.22562044337833653
MB-5119	-0.20917390561935492
MB-5120	1.9565947097114733
MB-5121	0.3274476420604712
MB-5122	-0.47849809839304874
MB-5123	-0.001262212459773323
MB-5124	-0.31712049355547967
MB-5126	2.5567067093330427
MB-5127	0.563602058586898
MB-5130	0.9110670815069544
MB-5131	-0.16560457866074282
MB-5134	-0.0716567069175846
MB-5135	2.3331769426063422
MB-5136	0.25276966279377816
MB-5137	2.5394882876636027
MB-5138	3.0029694776291516
MB-5139	1.3037569539178864
MB-5140	1.826521614744788
MB-5143	1.0080126355182955
MB-5144	0.04611377660227039
MB-5145	2.746109229762643
MB-5147	0.8582788835598272
MB-5148	0.9573203736322599
MB-5150	0.801941669525487
MB-5152	1.9492691414789927
MB-5154	2.1129891114908665
MB-5155	0.057254188386773826
MB-5157	2.275384666364773
MB-5158	0.3844890724237306
MB-5160	1.310654218284147
MB-5161	0.45111492659976465
MB-5162	1.5546079373691686
MB-5163	0.6469557539994443
MB-5164	1.6437531104128575
MB-5166	1.3999917501861838
MB-5167	-1.2131301340124838
MB-5169	1.159264672191576
MB-5171	0.6275351382669463
MB-5172	2.386543727097107
MB-5173	2.4205143020549267
MB-5174	1.130332484976757
MB-5175	1.4723607675408639
MB-5176	0.45753016864591195
MB-5177	1.7403863322486037
MB-5178	1.0878003125928997
MB-5179	0.7421852356889552
MB-5182	0.20747674794580456
MB-5183	1.2366550510610788
MB-5184	0.2553060778465348
MB-5185	0.9416137727504633
MB-5186	1.9510017803437092
MB-5188	2.057774914055152
MB-5189	0.7918944140783137
MB-5190	2.599979665995678
MB-5191	1.4360914627428685
MB-5193	-0.2310425523851683
MB-5195	1.8557707533042074
MB-5196	0.0916876201831722
MB-5197	0.6379951411545746
MB-5199	2.0337205538473513
MB-5200	0.9827715238336208
MB-5201	1.2989199081876008
MB-5204	-0.3671427197564975
MB-5205	1.654306374623619
MB-5206	1.25570931651209
MB-5208	1.0455331718216094
MB-5209	3.1858629150241318
MB-5211	0.9092700036869109
MB-5212	1.2075803539616878
MB-5213	2.8634129736496408
MB-5214	1.152203143916252
MB-5215	-0.45638147367582177
MB-5218	2.4856402496379326
MB-5219	0.12497699964064449
MB-5221	0.332462703315424
MB-5222	2.720220994240605
MB-5223	0.29382041609666204
MB-5224	0.2575973698176119
MB-5225	1.8069010475589575
MB-5226	1.0229235162918313
MB-5227	1.4364164444021696
MB-5228	1.1165384083987857
MB-5229	1.5729502989333648
MB-5230	0.538873490285689
MB-5231	1.7773255646720372
MB-5232	2.754283189237147
MB-5233	-0.3547643446344388
MB-5235	2.035636447006034
MB-5236	1.9768838886069158
MB-5238	1.2445433884398416
MB-5239	0.06901340128820173
MB-5240	0.6113920227300359
MB-5243	2.451906858674718
MB-5244	0.4149228341394873
MB-5251	0.13647637955186634
MB-5253	0.031852657673533666
MB-5255	1.0918785478688755
MB-5256	-0.3150788378283778
MB-5258	2.482346583359186
MB-5259	1.157245986714852
MB-5260	0.6680157324499862
MB-5261	-0.5404366160679609
MB-5264	0.09924008102452388
MB-5266	3.1254666949246555
MB-5267	1.223837565363167
MB-5268	-0.16308103015757716
MB-5270	-0.4264571392183744
MB-5271	-0.21405145369490072
MB-5272	0.7881801651717953
MB-5273	0.6935398583787151
MB-5275	1.1767310656902175
MB-5277	1.4057842240573608
MB-5278	0.49123046316422336
MB-5279	-0.14183624608665846
MB-5280	0.9469518403754928
MB-5281	0.7431062712563963
MB-5284	-0.8874588352406821
MB-5287	0.7713071763299613
MB-5288	0.701213721158113
MB-5289	-0.49617657350672784
MB-5290	0.5082593329867378
MB-5291	1.8293231048722074
MB-5292	1.892554921053822
MB-5293	-0.21501388106905256
MB-5294	4.3154332230118975
MB-5295	2.0254188066818655
MB-5296	1.7468634727086494
MB-5298	4.052431683579091
MB-5299	3.248927602016694
MB-5300	0.3321447239097011
MB-5301	1.1829649598458798
MB-5302	1.6169586884390064
MB-5305	0.26308016030079345
MB-5306	0.7561095789378189
MB-5308	0.8063047187817752
MB-5310	0.5324718090728161
MB-5311	-0.2273640236002686
MB-5312	1.879755066815308
MB-5313	1.8686237414393747
MB-5315	2.671370207662641
MB-5317	-0.35909904010602617
MB-5318	0.997050885487297
MB-5322	0.7820111065199961
MB-5323	1.6197726623423558
MB-5324	0.901941549365959
MB-5325	2.596010991186776
MB-5326	1.3636502090690859
MB-5327	0.9892019091926993
MB-5328	1.656065692932867
MB-5329	1.2746756929984304
MB-5330	0.19271720724785982
MB-5331	2.2511020568723366
MB-5332	1.7451419927505385
MB-5334	0.554301173385626
MB-5335	2.9942277434853524
MB-5338	1.264197948618146
MB-5339	1.2614042423850815
MB-5341	1.1080545412627902
MB-5345	1.2491815298673488
MB-5346	3.018357200736206
MB-5347	0.750100696069582
MB-5348	1.3358811699692814
MB-5349	0.5478485406336453
MB-5350	1.7189656833027822
MB-5351	1.0129837533099024
MB-5358	0.2591545153676063
MB-5360	-0.7344890398110167
MB-5361	1.9179149414576913
MB-5364	0.6320578901100802
MB-5365	-0.40541921203266323
MB-5366	1.7139374080297327
MB-5368	2.683535334096619
MB-5369	0.33437597706373867
MB-5370	0.23047383795333468
MB-5373	0.404874519323048
MB-5377	-0.33037010333410083
MB-5378	3.4236029819897067
MB-5381	2.791716909927431
MB-5382	0.8429025721516408
MB-5383	-0.4531128125490156
MB-5384	-0.1041956501296328
MB-5385	0.45839074320761486
MB-5386	1.4666908298480719
MB-5387	2.7695415606462195
MB-5388	0.28527620481756183
MB-5389	-0.874920229283916
MB-5390	3.0130406850556195
MB-5392	1.0379176881205991
MB-5393	0.8731141117721818
MB-5394	1.9975728255578353
MB-5395	0.8271478161434438
MB-5396	0.6429092900451165
MB-5397	1.3344582559794649
MB-5398	0.8227675053377419
MB-5399	1.3507290810951962
MB-5401	-0.0036752476306635075
MB-5402	2.0890331392955717
MB-5403	1.0979270879497458
MB-5404	-0.1010083896356679
MB-5405	2.0550877180598013
MB-5406	1.3382729332737167
MB-5407	1.0189457398731183
MB-5408	0.5867312539555996
MB-5409	1.5816776511386879
MB-5410	1.0143856347100892
MB-5411	3.922278379397781
MB-5412	0.2518830818804867
MB-5413	1.0229069946456932
MB-5414	0.946466009167532
MB-5417	3.2578648959776255
MB-5418	1.0724245417649951
MB-5420	2.799504825838964
MB-5421	3.984211566071281
MB-5422	1.319825890420547
MB-5424	0.2604076763689889
MB-5425	1.1849795952519788
MB-5426	4.086856789055108
MB-5427	3.278724484697743
MB-5428	0.6992859856305143
MB-5429	0.2899939509354301
MB-5431	1.8790519817158753
MB-5432	1.1174980766120624
MB-5433	-0.06795378631256566
MB-5434	1.3472158900227769
MB-5435	1.2582686257094509
MB-5440	0.9485972246462839
MB-5441	1.5601474592765856
MB-5442	3.116344497166409
MB-5444	-0.13494275843952971
MB-5446	2.0951948436115626
MB-5447	1.358751421178579
MB-5450	-0.21782393984218432
MB-5451	-0.0495380453155406
MB-5452	0.305410221965344
MB-5453	1.621272656275958
MB-5454	1.0549950939783257
MB-5455	1.950585578320685
MB-5457	0.44094354418903764
MB-5458	3.3020407595728023
MB-5459	1.3696461347958435
MB-5460	2.73999105544635
MB-5463	1.3033752443488487
MB-5464	1.6770373766292896
MB-5465	1.693268386133943
MB-5467	1.5607980855001045
MB-5468	2.5144510955214305
MB-5470	1.646237087643074
MB-5471	1.262444662432102
MB-5472	-0.7246180673818937
MB-5473	0.5757605611846501
MB-5474	2.3996048991215777
MB-5475	1.2926112040194018
MB-5477	0.39374246792575734
MB-5478	0.9417530692529428
MB-5481	1.0792188194170014
MB-5482	3.3632889988922394
MB-5483	1.3042522703041355
MB-5484	0.17704606620143631
MB-5485	1.3659000878167815
MB-5486	0.8474033159885895
MB-5489	1.1318641784642385
MB-5490	0.6694612213098917
MB-5491	1.6022648743319825
MB-5492	0.6074319360469289
MB-5493	2.455123851536105
MB-5495	1.7572970111717852
MB-5497	2.415578392431729
MB-5498	1.995656046621287
MB-5499	0.7319433558940707
MB-5502	2.9838733180786585
MB-5505	0.8620791689584265
MB-5510	1.0772350459721
MB-5511	-0.05935102599994167
MB-5513	4.348452293958928
MB-5514	0.4998641620793117
MB-5518	1.6266773808877264
MB-5519	2.1142813222199663
MB-5520	0.8662271225931473
MB-5521	0.7446566557766335
MB-5525	1.0774178673845451
MB-5526	3.4461109525062703
MB-5527	2.464571597201638
MB-5529	3.643956008675933
MB-5530	2.2491156641164975
MB-5531	1.9397240221836756
MB-5532	0.5552494286034236
MB-5533	1.0931344282436573
MB-5534	1.1081270077251049
MB-5535	2.0100990872552575
MB-5540	0.923803728140456
MB-5541	0.3525244977984663
MB-5543	1.4331637944010887
MB-5546	1.221561886174972
MB-5547	2.766215332268157
MB-5548	3.4665023128562216
MB-5549	3.411061627039841
MB-5550	1.2530836952615572
MB-5551	1.7013845559406902
MB-5552	1.394324075625098
MB-5553	1.734916119445934
MB-5554	0.5551136671769206
MB-5556	1.2678726124258977
MB-5558	2.464046806350821
MB-5559	1.989416796222663
MB-5560	2.514738886449268
MB-5562	0.06581612780093392
MB-5563	0.5252446244366277
MB-5565	1.9079000306513676
MB-5566	3.1519948299235407
MB-5567	1.0969310811387192
MB-5571	0.9490936963008703
MB-5572	2.4409914735101244
MB-5575	1.720344869984873
MB-5576	2.7129605698894936
MB-5577	1.596428535590317
MB-5579	1.082542311344749
MB-5580	1.3013385933901613
MB-5582	1.2687847936691332
MB-5583	1.920019242003139
MB-5584	2.183577776439311
MB-5585	1.2647800124805622
MB-5588	1.7725258907145256
MB-5589	-0.08291730680288328
MB-5590	0.14283410356595624
MB-5591	1.2313313724872579
MB-5592	0.9837480159647839
MB-5593	3.7751094563747145
MB-5596	0.5743159934224239
MB-5597	1.4022826934908368
MB-5599	2.8653398036589404
MB-5601	0.9116788101760358
MB-5602	4.01585107093436
MB-5603	1.5382286852910025
MB-5604	1.9211260018738956
MB-5605	1.6356633346247604
MB-5613	2.3624544267764684
MB-5614	1.221308297252481
MB-5616	2.0132241616002466
MB-5617	2.7889991217787564
MB-5620	0.8970015619076691
MB-5622	3.1514453093684116
MB-5623	1.05455288257224
MB-5624	2.5372593924739855
MB-5625	3.66241346941184
MB-5626	0.39928101857746756
MB-5628	1.692394017159733
MB-5629	1.6571376813245215
MB-5632	3.158119695267161
MB-5633	2.555631592283457
MB-5634	2.366267808501842
MB-5635	1.6201037044540598
MB-5636	1.8523321949221738
MB-5638	2.1499310616680773
MB-5640	1.122608340548969
MB-5641	3.6004112516774907
MB-5642	-0.0906090702946532
MB-5645	1.0119979516777151
MB-5646	2.915791410685631
MB-5647	1.903981855425954
MB-5648	0.9069095060850341
MB-5651	2.558843834257764
MB-5652	2.097385752876301
MB-5653	1.3765008216082233
MB-5654	0.8914856029541551
MB-5655	3.562095998628128
MB-5656	2.1439907072006674
MB-6001	1.531416251302048
MB-6006	1.5707549347235976
MB-6007	1.8208175095314223
MB-6008	0.7574315036536202
MB-6010	2.052067177371949
MB-6011	1.988817699434397
MB-6012	0.5555918101469356
MB-6014	1.2407363333297112
MB-6016	1.0614177273112224
MB-6017	1.495642892118467
MB-6018	1.0763298565607464
MB-6019	2.238405944748885
MB-6020	2.241977821417108
MB-6021	-0.11679662312451337
MB-6022	1.1728428958439177
MB-6023	0.13558206538681286
MB-6024	0.8917881610908509
MB-6026	2.142076476105696
MB-6029	0.5797606950400986
MB-6030	1.0057388079083769
MB-6036	3.2819068376045517
MB-6039	0.8848869444882541
MB-6042	1.1672832181898243
MB-6044	3.131488697414028
MB-6047	2.1769525453467136
MB-6048	1.752324997580276
MB-6049	2.822474671107875
MB-6050	1.3393439898735318
MB-6051	1.2131737048032987
MB-6052	2.0069163783859776
MB-6053	0.7799827906989595
MB-6055	1.9301187458071078
MB-6058	2.0282352787930877
MB-6059	1.9735946911457292
MB-6060	2.4373297518177073
MB-6062	0.8947977250737242
MB-6063	2.5141276235103818
MB-6065	0.9476603134507905
MB-6068	2.3099756050314157
MB-6069	1.1854804511687695
MB-6071	1.3781056032523393
MB-6075	2.022679728650885
MB-6077	1.7041633422149556
MB-6079	2.52345186638025
MB-6080	1.702366524367997
MB-6082	2.3014283350872997
MB-6083	1.5047313007138063
MB-6085	2.9096247379073
MB-6092	1.3447416764658418
MB-6097	0.91414842244679
MB-6098	2.5861651051974235
MB-6100	2.997165281654899
MB-6101	1.9111838103097425
MB-6103	1.1232876195054835
MB-6105	1.5643048425541402
MB-6107	2.4020593154680756
MB-6108	1.8340143858593108
MB-6113	1.6329822872510136
MB-6114	3.020816231324087
MB-6116	1.424784850231242
MB-6118	1.5963122150196167
MB-6122	1.78203591564346
MB-6124	1.3179048644181457
MB-6125	1.190309255562546
MB-6131	3.197066919309041
MB-6133	0.7913649851350995
MB-6135	2.612359089497283
MB-6138	-0.6095145569937586
MB-6141	0.9183354054305917
MB-6143	1.9455221622960488
MB-6144	2.550091997674054
MB-6145	2.404577046878537
MB-6146	1.140029114126304
MB-6147	0.9533609076454058
MB-6149	1.4137066079729832
MB-6150	1.181206489899153
MB-6152	2.6870295127358346
MB-6154	0.5703008759903918
MB-6156	1.368488793686607
MB-6157	1.6651096020926215
MB-6160	1.6036523967693175
MB-6163	0.8638603108712204
MB-6164	0.41107601858583753
MB-6167	0.23548101608020977
MB-6168	1.6048816634483511
MB-6169	2.4056338117845146
MB-6171	1.6075381508453377
MB-6178	2.652377613806179
MB-6179	1.6706111600065372
MB-6181	0.3379632985360743
MB-6182	2.7855908177989255
MB-6183	1.2236349721301565
MB-6184	3.5851525435008638
MB-6185	0.4399716017013075
MB-6187	1.2061876564942946
MB-6188	3.340108533459506
MB-6189	1.027867384414117
MB-6190	0.5559390182404381
MB-6192	1.1994613598710961
MB-6194	1.6758296385120113
MB-6195	0.4199080910691365
MB-6200	1.9619005698898329
MB-6201	1.9371429912459521
MB-6204	2.427577983364264
MB-6207	2.205875073837794
MB-6208	1.618411312801422
MB-6211	2.085415455444715
MB-6212	-0.025618037421776745
MB-6213	1.0431149400312902
MB-6214	0.5261095874046331
MB-6217	1.47602355320889
MB-6218	0.975853370546177
MB-6223	2.567851017854582
MB-6224	1.9816513880499858
MB-6225	1.2697957515927205
MB-6226	0.537658324412229
MB-6228	2.316186424179755
MB-6229	-0.8410606945429469
MB-6230	0.31258712284724904
MB-6231	1.5177845115947874
MB-6232	0.9568702451063164
MB-6233	0.8397534634991553
MB-6234	1.8550752037152554
MB-6237	2.1465249796043357
MB-6238	0.7343688297014869
MB-6239	1.43277607688247
MB-6242	1.7008186374942502
MB-6245	2.687194399992117
MB-6246	2.0079003044732096
MB-6248	3.4153920824985544
MB-6251	4.222109180965239
MB-6253	0.61169495089476
MB-6254	0.5153375686382955
MB-6256	0.0836811294288111
MB-6257	0.5205762136123359
MB-6263	1.1399428184951395
MB-6271	0.6614145377755527
MB-6272	1.8356695293497192
MB-6273	0.3391857505949225
MB-6280	3.076524137380339
MB-6281	0.4664507391031499
MB-6283	0.28529546079176926
MB-6284	0.9075114867061388
MB-6286	0.26994263732022244
MB-6287	2.086934527036806
MB-6288	1.3326578365355999
MB-6297	0.5634497095425561
MB-6300	1.5452886273203446
MB-6302	1.2272401528834211
MB-6305	2.79197089648884
MB-6306	1.6840556578793486
MB-6308	0.5264232952927907
MB-6312	0.8068041675924269
MB-6314	1.9494465960402207
MB-6317	1.3104990472423363
MB-6318	2.976542681725401
MB-6319	0.387083062056996
MB-6322	0.527165223869402
MB-6327	0.6285947330560083
MB-6328	1.654320297843509
MB-6329	2.3066029364789324
MB-6330	1.73082968982316
MB-6334	2.1743817358092783
MB-6336	2.70955727569178
MB-6337	3.0688338871468317
MB-6344	0.7638031214819487
MB-6346	0.9173182380216794
MB-6358	2.3062929711364344
MB-6359	0.9430437225534355
MB-6363	0.5761925969455897
MB-7000	2.039594227785816
MB-7001	0.6311594321885317
MB-7002	0.08495147102342007
MB-7003	0.26586201860061276
MB-7004	-0.5080790169345067
MB-7005	-0.29835990450940525
MB-7006	-0.5243365490344052
MB-7007	2.3892213879203408
MB-7008	1.0538402737003534
MB-7009	2.104327745343739
MB-7010	-0.17317503506117699
MB-7011	1.7982509581378616
MB-7012	1.9340300386803904
MB-7013	1.7780161285143379
MB-7014	0.8081806561286796
MB-7015	1.2371216168098307
MB-7017	2.194123885466279
MB-7018	0.45178987944135857
MB-7019	-0.11079019680419132
MB-7020	3.36868049821965
MB-7022	0.059494479215750844
MB-7023	2.8710404386607493
MB-7024	1.9116798885321709
MB-7025	1.6226853594363049
MB-7026	0.44888844708520476
MB-7027	1.9623485932616056
MB-7028	0.7103899347350708
MB-7029	1.044353599390387
MB-7030	2.451819809153474
MB-7031	3.5522937224277125
MB-7032	0.21714647597169173
MB-7034	0.48498475650297895
MB-7035	1.3946102965965765
MB-7036	2.513748354686939
MB-7037	-0.11186925399142678
MB-7038	3.2569122105917696
MB-7039	1.5283519575843845
MB-7040	1.4908654134021293
MB-7041	0.6543346633592289
MB-7042	0.13280205411242407
MB-7043	1.5732865203242892
MB-7044	1.4350144716892768
MB-7045	1.8445213668452398
MB-7046	0.6485886915799062
MB-7048	1.6653899098453242
MB-7049	4.255830050472224
MB-7050	3.1751619052120565
MB-7051	1.5662449015588813
MB-7052	3.3363066768253637
MB-7053	0.9862207030912479
MB-7054	2.6699845335058363
MB-7055	4.550580315880041
MB-7056	0.412296554802835
MB-7057	0.6693728380346564
MB-7058	0.8015922259293138
MB-7059	1.28400145906421
MB-7060	1.2314127593945257
MB-7061	2.034820102745943
MB-7062	0.22609963650130666
MB-7063	1.0492102057365567
MB-7065	0.34507471532219974
MB-7066	2.752091748301775
MB-7067	3.5236173776134168
MB-7068	2.1311627517570346
MB-7069	2.0443255359010672
MB-7070	1.006565683966541
MB-7071	0.6304011577565202
MB-7072	0.7351427548704791
MB-7073	2.9044255111065573
MB-7074	-0.4552972357666564
MB-7075	1.0849430537196731
MB-7076	1.0281923003398452
MB-7077	-0.17769214575167513
MB-7078	3.442051465662927
MB-7079	1.0274604103685254
MB-7080	-0.0666962475417969
MB-7081	1.0732330583294376
MB-7082	1.8561460225911721
MB-7083	1.8904550826927637
MB-7084	4.0502959600244735
MB-7085	0.635307895061084
MB-7086	1.1157280783962962
MB-7087	1.6812809311478276
MB-7088	2.1573124038433433
MB-7089	1.7803547932275168
MB-7090	3.170581012605438
MB-7091	0.06021140822044611
MB-7092	1.5235660040899623
MB-7093	-0.24228083246063042
MB-7094	1.5273492203222858
MB-7095	0.060905091816042395
MB-7096	0.9380036026530205
MB-7097	0.012269029056084839
MB-7099	0.4494803991275565
MB-7100	1.4452627048796025
MB-7101	1.527901336594845
MB-7102	0.7876749320269275
MB-7104	1.3762470231927417
MB-7106	-0.025207901855196575
MB-7107	0.07614133554496998
MB-7109	0.7360394948926394
MB-7111	2.812802386611608
MB-7112	1.2190563490314228
MB-7113	0.8400829157626251
MB-7114	1.788670162360931
MB-7115	2.8078303228898873
MB-7116	1.446152994416287
MB-7118	0.790507711989927
MB-7119	1.7754934623657666
MB-7121	1.74285214941081
MB-7122	2.7169562529734472
MB-7123	-0.3813854084824888
MB-7124	0.035315833001891866
MB-7127	1.56911258195084
MB-7128	-0.1333956410864041
MB-7130	2.5369561458403265
MB-7131	-0.4138425266205133
MB-7132	1.5257759436023821
MB-7133	0.9689802910200552
MB-7135	1.957733304461076
MB-7137	0.16933606959757244
MB-7138	0.7571499506265167
MB-7140	0.25826356308666537
MB-7141	-0.003958154203715713
MB-7142	1.6044784289990346
MB-7143	0.6123812551454738
MB-7144	2.0332173595918293
MB-7145	3.204711772982514
MB-7147	2.304278864755812
MB-7148	-0.4613817936166732
MB-7149	2.114277496442275
MB-7150	0.8806816099158927
MB-7151	3.954601355986921
MB-7152	1.5197425631184789
MB-7153	0.8713111320486849
MB-7154	2.2099589121804106
MB-7155	2.9375249125624974
MB-7157	0.985174185872851
MB-7158	1.841195643389153
MB-7159	3.5834955893327245
MB-7160	3.2841007935264415
MB-7161	1.814000817100659
MB-7162	0.4533162414997424
MB-7163	0.6416771412417555
MB-7164	0.4586809788520711
MB-7165	2.605722409433698
MB-7167	-0.34448781187763466
MB-7168	0.13887586725331832
MB-7170	0.25019510273504475
MB-7171	1.297178189341064
MB-7172	-0.5162643771547799
MB-7173	0.4900910754698138
MB-7174	1.0757161318649544
MB-7176	0.3407094602384515
MB-7181	1.6401050091737632
MB-7182	1.7127748455903502
MB-7185	0.3408639884998263
MB-7186	1.886247070093437
MB-7187	0.9212218263595983
MB-7188	0.17996338585163
MB-7189	1.8167272946464668
MB-7193	1.020146856025048
MB-7194	2.2132988725022353
MB-7195	0.7427113095577882
MB-7196	1.3080149772362628
MB-7197	-0.30770102569276375
MB-7198	1.9880047826272442
MB-7199	0.1933486505775992
MB-7200	0.19100551028470586
MB-7201	1.4327432956445403
MB-7205	3.2091110368125793
MB-7207	2.707261347848349
MB-7208	2.054439621208079
MB-7212	1.0667190409603668
MB-7215	0.08992484225705005
MB-7216	1.9846255222329272
MB-7217	0.2688517530200795
MB-7218	0.8267247813409412
MB-7219	1.0807880936344978
MB-7220	-0.6382113855609118
MB-7225	1.7888271510069826
MB-7226	1.258539349490214
MB-7227	0.6057508258698459
MB-7228	0.8018258916041292
MB-7229	-0.029901644810980788
MB-7230	-0.18900509324945358
MB-7231	0.594890414562832
MB-7232	0.544213444857448
MB-7233	1.0211845287329706
MB-7234	0.07693048454713791
MB-7235	0.21365992057474226
MB-7236	1.4972383684530022
MB-7237	1.2206692711753238
MB-7238	1.2227662538187702
MB-7241	0.7603783641618747
MB-7243	-0.28487818569541323
MB-7244	0.5683161690599858
MB-7249	0.6725507924965328
MB-7250	0.36028803783613794
MB-7251	2.2257122090216
MB-7252	2.343853083199424
MB-7253	0.7087758115819427
MB-7254	0.5758533964109227
MB-7256	1.4904733176578329
MB-7258	4.393133999047719
MB-7260	2.620331716801503
MB-7262	1.4654668156485986
MB-7263	1.2552434618023267
MB-7264	1.3174143318555027
MB-7266	0.46222581353563563
MB-7267	5.051138974699965
MB-7268	0.6830017953053529
MB-7269	2.3297314532404827
MB-7270	0.9269522017742222
MB-7273	1.3906982124645504
MB-7275	0.6352178567244173
MB-7276	0.12491490481477596
MB-7277	1.6537013161725602
MB-7278	-0.5558298406132778
MB-7279	1.6711688406682808
MB-7280	0.22068372779398548
MB-7281	1.8326212371812929
MB-7283	-0.05347137754477016
MB-7284	0.3134551769989429
MB-7285	0.30050688049104735
MB-7286	0.3855153190494074
MB-7287	1.1264758023544619
MB-7288	0.9128363768824934
MB-7289	1.4235522148211603
MB-7291	2.0503663780122894
MB-7292	0.9931218590048516
MB-7293	0.7097341796207569
MB-7294	2.73759630334859
MB-7295	0.9225165322619111
MB-7296	2.0699538595294973
MB-7297	0.5085149756374923
MB-7298	1.0871929170946752
MB-7299	0.7061382925387333
