pathway	set_size_in_bg	overlap	overlap_genes	p_ORA	p_adj_BH
Pentose_phosphate	30	4	FBP1;IDNK;PRPS2;TKT	2.912081601460666e-09	3.203289761606732e-08
Chemokine_signaling	185	5	CXCL14;GRK6;IKBKB;PLCG1;RAP1B	7.925499447441443e-08	4.3590246960927936e-07
T_cell_receptor	118	3	DLG1;IKBKB;PLCG1	5.420652367060475e-05	0.0001987572534588841
Glycolysis_Gluconeogenesis	63	2	ALDH2;FBP1	0.0007344026179189141	0.001615685759421611
Cytokine_cytokine_receptor	285	3	CXCL14;TNFRSF12A;TNFRSF19	0.0007276157460365075	0.001615685759421611
Fatty_acid_degradation	41	1	ALDH2	0.02607164400771928	0.04779801401415202
Oxidative_phosphorylation	104	1	UQCRHL	0.06490554070213907	0.10199442110336139
NK_cytotoxicity	125	1	PLCG1	0.07752725685798276	0.10659997817972629
Fatty_acid_biosynthesis	17	0		1.0	1.0
Glutathione_metabolism	52	0		1.0	1.0
Antigen_processing_presentation	72	0		1.0	1.0
