symbol	p_uni	HR_uni
FBP1	8.189471136493809e-06	0.46911636254075106
GRK6	8.525453859275783e-06	2.0350714497896947
IKBKB	1.255321008133455e-05	0.47048748107869476
RAP1B	3.069378481617955e-05	0.5381107364676952
TNFRSF19	5.411278853593657e-05	0.45002894458023585
ECI2	0.00016352906161490785	0.5611956556616624
ALDH2	0.00017391388708886023	0.549138860383367
VAV3	0.0002098543393928863	0.5746183051748485
HADHB	0.0003361494531029415	0.6139141216503575
GRK3	0.0005288826683029396	0.6009815108708965
NFYB	0.0005616935670126414	0.5547306687894975
GNG10	0.0005646876073690233	0.6426929528073615
PPP3CB	0.0006063984804625732	0.6077044615744991
NDUFV3	0.0007268931427472968	1.7432632838888442
CXCL14	0.0008833233351941358	0.5909093949233281
CRK	0.0014401191399791883	0.6056052477641184
PPP2CB	0.0015915384048428894	0.6331001378593897
HSPA2	0.0017285127491315977	0.5940604208501739
DLG1	0.002280881534299568	0.6454321627973596
ALDH3A2	0.002326601304950651	0.5902484433819343
PDHB	0.0026453415802147055	0.6693847487748531
PPP3CC	0.002877872790519184	0.551495573942644
BCAR1	0.003355657946471611	1.5574173105464708
IDNK	0.0034523082563091634	0.5267208926883945
LIFR	0.004076221367089732	0.5854164588621239
TGFBR2	0.0043069417128824405	0.6628967790620082
ROCK1	0.004575262541118081	0.6589700203551057
CHUK	0.00460139081193308	0.668547565231962
TNFRSF12A	0.005055895305019292	1.5980579000674104
GNG2	0.005090416472986854	0.5588359758611678
CXCL12	0.0052695359455206155	0.6040804547911744
PRPS2	0.005415024648165056	0.6400600101598019
GAPDH	0.0056957095589068975	1.702457486951584
ACSL5	0.00571283720799161	0.5832022517230387
PSME1	0.005914302273692969	0.693455966061262
TKT	0.006067424283630713	1.666003958062927
LANCL1	0.006936354600177743	0.6752863398240464
UQCRHL	0.00786113279972246	1.7262011280021161
IFNAR1	0.008597067203702924	0.7033050048474527
BMPR2	0.0088616508235329	0.6835318658626833
PLCG1	0.009663105276707988	1.5257312874776678
NDUFA12	0.010175974916417259	0.6879188531729623
ACAT1	0.010194293255072238	0.6896707986514515
PREX1	0.010495916739321914	0.643446899577295
COX10	0.012240984102937068	1.4285830427572284
PLCB4	0.012802743814031674	1.5872584621449448
ACAA1	0.012860518658679739	0.6821920643478213
ADH1A	0.013786610360135577	1.3067080291906703
NDUFA3	0.014191002891691113	1.5141574631476062
PRLR	0.015376319735079046	0.7042675129168077
ADH1B	0.015430646318951658	0.6277190938910666
ECHS1	0.015555224889809215	0.6752970595102187
NDUFB5	0.016337653837766256	0.7113300390899683
GSTM2	0.018617467432227284	0.6431279026761036
ACACB	0.01932620752962969	0.68998330752229
COX5B	0.020250958390719102	1.571015607531609
PRKCD	0.02105480418105137	0.6783138410794286
PGM2	0.022210336824729133	0.760577713163601
MICB	0.023612014053375523	0.6652492159532513
PAK4	0.024567011362918903	1.5128700226824623
PFKP	0.029115731707054473	1.445350531438695
CYP2U1	0.029912893561404037	0.6756830557868377
BMPR1B	0.0299233097112339	0.6661265027815008
KRAS	0.031328798282960556	0.7044395661775524
RAP1A	0.03287360476518852	0.6821574103884849
SDHD	0.03298355414904794	0.731981334269651
ALDOC	0.0336735795543527	1.376612910695184
IFNAR2	0.034600631691745584	1.4106863026204346
UQCR10	0.03556959134837686	1.573601302753787
GNG12	0.03634197022353747	0.7403852840592143
TNFSF10	0.036371932148681174	0.680259990248136
EHHADH	0.03736553257510258	0.7093326870997262
ACADS	0.03818978814884962	0.6692280143891478
INHBB	0.03879357812470391	1.4170664554708885
NDUFA6	0.03924667817934832	1.4691650067995798
MAP2K1	0.039712989645326546	0.7109448774719217
ACSS1	0.039894841595176506	0.7268450781532845
MAP2K2	0.04216550105889886	1.4015558441104103
PDHA1	0.043941823874910815	1.4584461824388473
TNFRSF21	0.046216999189064335	1.3779442018368904
RHOA	0.04771532030974312	0.7270253020795443
GSTT1	0.04989411369974258	0.736168526185476
SMS	0.05195345554974759	0.7384765091805919
PTPN11	0.05506951705519296	0.7390271855359825
COX7C	0.055715847111819074	0.7380624560511886
NRAS	0.05647739784833298	0.7350160617306635
MGST3	0.05759326377499315	1.4335629721862435
NDUFS1	0.06151122004317881	1.4458738924523231
PRDX6	0.06236256033846601	1.4063516198413513
GSS	0.06474694255919283	1.3670753994019307
IDH2	0.06503669656023472	1.3838443992046099
GSTM1	0.0681952807663703	0.7080793936190735
ACADM	0.07178228992503666	0.7491569552548755
DLD	0.07696124419590339	0.7686382949700077
LEP	0.08443535085100208	0.6956699324591573
CHAC2	0.08814216959527024	1.3460200966853852
HLA-DRB4	0.09334725906875953	0.7461350898724184
ACVR1C	0.11152958559193454	0.680281943724254
TAPBP	0.11195788843306095	0.7902307197317869
GNG11	0.11275521562304484	0.7528511269229938
GSTM4	0.11449820315503985	0.7282026332807693
PCK1	0.12204802122861075	0.6606254241755665
NFKBIE	0.12423562233507661	1.2403951803280724
TNFRSF10D	0.1248219072642628	1.2589881202938027
ND2	0.1320128096756282	1.3220982416436315
FOS	0.14561015239272235	0.7733469287394638
NFATC1	0.14935983881974188	0.7773436052147124
COX11	0.15865241946214304	0.7872592070171592
HADH	0.15908599418662528	0.7896273305150227
GPI	0.16283584610716062	1.278770074499517
NDUFA10	0.16292684379011269	0.807197347712502
PPP2R1B	0.1671272982681189	0.7756125128726767
PKM	0.17261315639735375	1.2649232794784764
INHBA	0.1839739283255989	0.7894259264029977
ATP6AP1	0.18616096933755621	0.8105700245618124
HLA-C	0.18645683977876681	0.8134113769857504
ACOX1	0.18731389856161584	0.8008549278339924
ATP6V1G1	0.19157655379980565	0.7998180834214783
ACSS2	0.19647564372974957	1.2661321831872803
ACVR1	0.20588911095413398	0.8169793236752483
HLA-B	0.20611138473143387	0.8136713744935516
PRKACB	0.20792743746984454	0.7883373084975488
GRB2	0.2140857210936281	0.8007976438695665
NDUFB8	0.21688930917463456	0.813544964709463
SOS2	0.2202531833584559	0.8166436697282864
ALDH3B2	0.22036279037153894	1.2534071647913754
ALDH9A1	0.22137430993530172	0.8077187476124563
PAK3	0.22218439739030926	0.7694949977931087
PGD	0.23507916120868555	0.8166327276357714
LDHB	0.2379794239881582	1.2406414299178998
MGST1	0.24532342843352528	1.2801079458521567
UQCRB	0.24758894377002005	0.8300135927389637
BMPR1A	0.2499081263890396	1.234192911841615
TSLP	0.26325873652871845	1.1965590200775946
CCR5	0.2633744192313692	0.819404277921459
TNFRSF1B	0.26546429579915953	0.8171235783098925
MAPK10	0.2658446785825451	0.8188118702428253
GSTA4	0.27104915765503224	1.2270954834344652
PIK3R2	0.28114532966262495	0.8316761759898739
ACVR2A	0.28234760665905734	1.2032720313610985
CXCL8	0.2844232792323309	1.1663678559260198
CTSS	0.28751337723200276	0.8285478773665789
GNB5	0.29079374608123765	0.8281009588087347
ACADL	0.29129727821564033	1.140858931097561
GSTO2	0.29149610150120164	0.8437092448861507
CXCL9	0.2942914882878934	0.833210279715171
IL6	0.2988481762162767	0.7376213510007835
GNB2	0.29938953715468875	1.2161786306148943
ACADVL	0.3006527824797156	0.8368258576691926
RAC2	0.3025510385338709	0.834595048047681
ADCY6	0.30256859148547255	0.8271979077732801
DLAT	0.3053084266229875	1.2047834375488469
RFX5	0.30861194503680356	0.8307825357547406
HLA-A	0.3171696699452252	0.8556279137134897
IL17RB	0.3253926765931331	0.8436288800141826
JUN	0.3303082889796709	1.1907181797761015
GSR	0.3332307925911009	0.8458125659583212
COX7A1	0.3339362084848444	0.844412542092689
IL1R1	0.33710198746290265	0.8536068210356588
CCL2	0.3433986952140847	1.160049360473244
NFYA	0.34449450255255465	0.8486760392485613
GCLM	0.35000421881387167	1.1817198394497161
GDF10	0.35296712162831934	0.7174989246180399
TNFRSF10A	0.3546302497745286	1.1586956603991772
PIK3CA	0.3582849477209983	1.171041762135824
SDHA	0.3594205489116119	0.8514971073505405
TAPBPL	0.361488798491053	0.8553815946669479
HK2	0.3646088989016836	0.8624271854954909
ADCY5	0.36697867641258475	0.8274360957777198
IL1R2	0.3680133438577472	1.1580275038460166
MECR	0.37682379979947567	1.168013287324814
IL4R	0.3875375746099058	1.1516277075072405
PAK6	0.392721800117125	1.1497809197013806
IL2RB	0.39291066986551915	0.8557774552328655
ADH1C	0.4012195089485303	0.8372262732291409
CXCR4	0.4024647546531368	0.8660147550870083
IL17D	0.4103780341233739	0.8163942345346651
ADH5	0.41785341624045413	0.876300009298682
COX7B	0.4230347745190056	1.1595369721617668
TALDO1	0.4273104859458816	1.163918090311973
IL11RA	0.4410722556065335	0.871373720785697
IDH1	0.4511781075090304	0.8809910389828564
ATP6V0C	0.4660435334828883	0.886419432901468
PPP2R3C	0.4706967620278031	0.8828356924928671
IL33	0.4775954147508453	0.8724129962785602
ATP6V0B	0.47785801999816047	1.1400633013234582
STAT5B	0.48121651693750966	0.8944382818390191
HPGDS	0.48830814883431084	0.8843544955928669
PRKCA	0.4895255500406127	1.122934845753378
IL15RA	0.49178207941864294	1.1082607993781275
NDUFS4	0.4990525290190211	1.1242413296482638
UQCRC2	0.4994474227869954	0.8917905691022568
HADHA	0.5133642310254196	1.1274261864900381
GGCT	0.5138878743136954	0.8909927890556796
TAP2	0.5192464799110224	0.8953131494557708
NDUFS7	0.519430255034034	1.115430404535468
IL10RA	0.5266141975738767	0.8953346655676498
MAPK13	0.5291855777056198	0.8964508822581869
COX5A	0.5386203407775969	1.1196687691790024
ACSL1	0.5413354866283941	0.899829543865139
ATP6V0E2	0.5426411571981894	0.9092843732176633
CCL8	0.5516139345762259	1.1012318543361403
PTPN6	0.5549556626913443	0.9032567497321516
FASN	0.5585766961081934	1.0999868422438224
GRK5	0.5598869455098019	0.9017837045906091
LTB	0.5599944772449321	0.9014744802119463
CD28	0.5625973482950919	0.8961727642443943
CD40	0.5660662031943511	1.0961709434601377
SOS1	0.5661556901532887	0.9029468799259858
CSF1R	0.5680771669687169	0.905598553136103
CCL3L3	0.5727226170997806	1.0954430248178049
ARRB1	0.5788655804121395	1.1046999056018825
CCL4	0.582023736831083	0.9085403866643845
BMP4	0.5820974712017201	1.0894921657871521
BMP2	0.5927988348168578	1.1032395611709873
GNAI1	0.5982747403342571	1.0936616517357227
IL6R	0.5998488089279173	1.0921590166530226
FYN	0.6004020483711595	1.0916711469010132
RRM2	0.6487832774137339	1.0904344455710422
SDHB	0.65340867392832	0.929398769191526
IL10RB	0.6583649648840058	1.07479344611015
ENO2	0.6623836804395642	0.926795477231707
CXCL13	0.6734327627867853	0.930980558621091
NDUFV2	0.6798216712418064	1.0788925415780284
HLA-DOA	0.6832054275409104	0.9306711502720924
HLA-F	0.6874699308036891	0.9357768816603673
GNAQ	0.6886467042931539	0.9353086006112009
HSP90AB1	0.6956576609838974	0.9362880649046673
PPP2R2C	0.7009378671347217	1.0668403680154979
TIAM1	0.7020101641537946	0.9335204202029816
GHR	0.7135551445350764	0.9388974980183822
UQCR11	0.7156530114257735	1.06778238042909
PPP2R5A	0.7185069086309613	0.9406870091267513
PTK2	0.7240193779647387	0.9443090422327621
CSF1	0.7240491642694091	0.9405968746427193
GCLC	0.7396948636086187	1.0587738154588324
GGT6	0.7420956336128812	0.946043901949969
GSTK1	0.7429318588304229	1.0597298902720713
HSPA5	0.7490855491964133	1.0559512439073648
ACVRL1	0.7571149528271517	0.9475589274245199
VAV2	0.7666753469623457	1.0507049327713023
ICAM2	0.7672437918025073	1.0518343375677661
ODC1	0.7676050873477329	1.0525972884765846
HLA-DQB2	0.7676878279845416	1.0500645550325869
ACSL4	0.7750137495493149	1.0496093379613876
HSPA1L	0.7784659701669064	0.9546274259171188
PPP2R1A	0.7825006666411971	0.9541028135041798
TNFSF8	0.7851251746485755	1.046322260490101
PRKCZ	0.7868302191488661	1.048048397361176
ROCK2	0.7890987057123106	0.9541472183429928
NCK1	0.7947204994856392	0.9510553520561397
JAK2	0.7955851401912187	0.9572567331064997
GPX3	0.8019677556922978	0.958696149821799
IFNGR1	0.805173754056898	0.9608525722140053
RGN	0.8053939766519022	1.0396790487545053
PDIA3	0.811761087884056	1.0388535808143173
IFI30	0.8121395212292291	0.9603667534280813
ACKR3	0.8140078750943726	0.960688206054592
HK1	0.8166004431433528	0.9598441646343573
ATP6V1E1	0.8183347379464925	0.9604557983254337
TAP1	0.8183463369479496	1.0386562181982117
PAK1	0.826441710567113	0.9646989703473237
RASGRP1	0.8342850144783855	0.9646630280408001
UQCRFS1	0.8369628845363166	1.039565924004656
AKT1	0.847188349699589	1.031751291985188
FCER1G	0.8483642510104199	1.0311418930518854
NDUFA8	0.8547572720829855	0.9680806917815675
ALDOA	0.8579820251776819	0.9686565989175999
HSPA1B	0.8583965602801483	0.9701877722685274
CTSL	0.8600979616508038	0.9713723958397709
ACKR4	0.8702981667147857	1.02777480448964
GPX1	0.8720914217841791	1.0278508856845294
CXCL10	0.8751001975540845	0.9740361773324314
RFXAP	0.8760797446006037	0.9735695353794598
PRF1	0.8763864078086226	0.9752211671769152
CXCL2	0.8784698269080156	0.9750197911879678
NDUFA2	0.8800726450055079	0.9742439907394855
MAP3K8	0.884454828859948	0.9752035306630117
TCIRG1	0.8892313133620704	0.9761769329395511
TYROBP	0.8936473765384115	1.0228083385020648
PIK3R3	0.8958631839033212	1.0231631395065675
PGM1	0.898392019279602	1.0227682707350452
PPA1	0.9065474644460142	1.0212334190149432
LGMN	0.9161370711146317	1.0178452379221812
GDF15	0.9176757683692782	1.0172101235559554
GPX4	0.919199523948142	1.0172933469326044
JAK3	0.9368379245311124	1.0134158256272368
ITGAL	0.9412175590016161	1.0126410379065465
PPP2R3A	0.9450943748628601	0.9881880942563961
GDF5	0.948149647175838	1.0105928150673764
CARD11	0.9575082035237577	0.9904511064536455
CCL13	0.9637664717704689	0.9923868321322113
HCST	0.9676808961588221	0.9933793299307202
NDUFB6	0.9700783784483102	1.0068362891592748
ADCY4	0.9734147793872375	1.0057831476303918
GSTM5	0.976268876388082	1.0048871148066931
DOCK2	0.983212009002929	0.9962901510468817
